Country,1998Q1,1998Q2,1998Q3,1998Q4,1999Q1,1999Q2,1999Q3,1999Q4,2000Q1,2000Q2,2000Q3,2000Q4,2001Q1,2001Q2,2001Q3,2001Q4,2002Q1,2002Q2,2002Q3,2002Q4,2003Q1,2003Q2,2003Q3,2003Q4,2004Q1,2004Q2,2004Q3,2004Q4,2005Q1,2005Q2,2005Q3,2005Q4,2006Q1,2006Q2,2006Q3,2006Q4,2007Q1,2007Q2,2007Q3,2007Q4,2008Q1,2008Q2,2008Q3,2008Q4,2009Q1,2009Q2,2009Q3,2009Q4,2010Q1,2010Q2,2010Q3,2010Q4,2011Q1,2011Q2,2011Q3,2011Q4,2012Q1,2012Q2,2012Q3,2012Q4,2013Q1,2013Q2,2013Q3,2013Q4,2014Q1,2014Q2,2014Q3,2014Q4,2015Q1,2015Q2,2015Q3,2015Q4,2016Q1,2016Q2,2016Q3,2016Q4,2017Q1,2017Q2,2017Q3,2017Q4,2018Q1,2018Q2,2018Q3,2018Q4,2019Q1,2019Q2,2019Q3,2019Q4,2020Q1,2020Q2,2020Q3,2020Q4,2021Q1,2021Q2,2021Q3,2021Q4,2022Q1,2022Q2,2022Q3,2022Q4
Argentina,0.619834711,1.247401247,1.242236025,0.829875519,-0.205338809,-1.026694045,-1.840490798,-1.646090535,-1.234567901,-1.244813278,-0.833333333,-0.627615063,-1.458333333,0,-1.050420168,-1.684210526,4.22832981,23.31932773,35.88110403,40.25695931,35.90263692,14.48040886,5.3125,3.816793893,2.388059701,4.017857143,5.341246291,5.735294118,8.163265306,8.86981402,9.85915493,11.68289291,11.5902965,11.30091984,10.51282051,10.0871731,9.420289855,8.854781582,8.700696056,8.371040724,8.498896247,9.110629067,8.964781217,7.933194154,6.612410987,5.467196819,5.876591577,7.059961315,8.969465649,10.65032988,11.933395,11.02077687,11.03327496,9.710391823,8.925619835,9.601301871,8.832807571,9.860248447,9.939301973,10.54194506,10.86956522,10.38869258,10.55900621,10.67830759,-71.11111111,-68.95006402,-67.60299625,-66.62621359,30.76923077,26.39175258,24.6628131,24.90909091,32.52595156,44.045677,44.51313756,43.37700146,35.50913838,25.02831257,23.63636364,23.55329949,25.3371869,27.17391304,35.38062284,47.32949877,51.72943889,56.26780627,54.18530351,52.20301171,50.45592705,43.89243391,39.78450062,36.38695493,40.63973064,48.46373139,51.88259709,51.39709833,52.78908307,60.95583529,77.64981456,91.81898846
Australia,-0.149031307,0.747384151,1.351351361,1.497005979,1.194029849,1.03857567,1.777777775,1.917404138,2.802359882,3.083700447,6.113537117,5.788712004,6.025824978,6.125356121,2.469135806,3.146374842,2.97699593,2.818791952,3.212851401,2.917771873,3.285151122,2.610966054,2.594033719,2.448453608,2.035623407,2.544529259,2.275600509,2.515723279,2.369077307,2.481389575,3.090234863,2.822085889,2.923264308,3.995157389,3.956834524,3.341288778,2.485207106,2.09545984,1.845444058,2.886836032,4.272517324,4.446978332,4.983012462,3.703703696,2.436323369,1.41921398,1.186623518,2.056277056,2.918918918,3.121636161,2.878464828,2.757158028,3.256302519,3.549060594,3.419689122,2.992776051,1.627670434,1.209677349,2.004007965,2.204408819,2.502502486,2.390438302,2.161100199,2.745098007,2.929687519,3.015564153,2.307692361,1.717557245,1.328273229,1.510859336,1.503759342,1.688555341,1.310861408,1.023255815,1.296296371,1.476014794,2.125693187,1.933701635,1.828153518,1.909090887,1.900452466,2.077687469,1.885098722,1.784121361,1.33214921,1.592920347,1.674008828,1.840490776,2.191060459,-0.348432064,0.693240917,0.860585176,1.114922776,3.846153849,3.012048158,3.498293534,5.08905856,6.144781142,7.268170493,7.831821929
Austria,1.054774966,1.024368076,0.885685651,0.726171099,0.466953399,0.365401083,0.466408256,0.976457382,1.576589601,2.111580756,2.858179685,2.828733994,2.780699639,3.082182649,2.609015719,2.136528571,1.965918221,1.785142121,1.715762157,1.776483757,1.767354874,1.179837305,1.273078482,1.205969015,1.357755507,1.985506155,2.168441171,2.72812455,2.902311142,2.485615432,2.216845118,1.605580447,1.138263459,1.633881779,1.564062319,1.428575399,1.65508563,1.902884155,1.93315632,3.177200903,3.321391015,3.605923987,3.728707303,2.222219082,1.103059629,0.279678631,0.030981072,0.621118896,1.402744054,1.952278106,1.796787666,2.098765145,2.873383806,3.314087439,3.539823945,3.413985449,2.585078136,2.222939468,2.3495347,2.784891098,2.488034984,2.143080547,1.82389549,1.557150699,1.587307852,1.758724673,1.667703298,1.410613449,0.852033349,1.02013322,0.935357793,0.778662248,0.974789388,0.564590675,0.699302691,1.328023179,2.030626097,1.948482742,2.149471647,2.195281063,1.794451126,1.943632102,2.136610278,2.116062863,1.730767731,1.684142888,1.394614122,1.31868165,1.871679203,1.043973504,1.413600753,1.203880457,1.337792604,2.508361123,3.133333343,4.072847708,5.841584146,7.862969052,9.793148015,10.59497297
Belgium,0.721821216,1.646185946,0.762482212,0.671202649,1.05659683,0.921532853,0.916260197,1.589186235,1.986544237,2.318958499,3.012918959,2.854445743,2.18408736,2.946763858,2.525761899,2.220182684,2.735005454,1.343232349,1.265985203,1.25700115,1.570991846,1.376243908,1.685179702,1.722754719,1.325140046,2.259816212,2.234590466,2.565273344,2.632121778,2.716392295,3.136426429,2.638714634,2.234996187,2.004294918,1.489009688,1.447103828,1.749695271,1.450292401,1.331315012,2.759639298,3.829507696,5.057259243,5.588539471,3.49118693,1.618966095,-0.296290877,-1.218892836,-0.277767628,0.988866099,2.175587922,2.600073459,2.99431921,3.376369085,3.479353703,3.636623913,3.633193414,3.557270619,2.748186904,2.642121999,2.42420077,1.253430031,1.259667045,1.13731958,0.804586119,1.000367956,0.416888984,0.079848323,-0.133027367,-0.480323237,0.491547392,0.80781886,1.4319491,1.790766569,2.131738133,2.100646302,1.871368087,2.632353338,1.912497541,1.895933662,2.069032225,1.52615821,1.806750726,2.253708592,2.62069396,2.162246988,1.899444841,1.162466311,0.541521836,1.041346702,0.547886449,0.818165109,0.556966697,0.535068203,1.439878295,2.619981122,5.167533998,7.980283687,8.975782432,10.28048454,11.07735043
Bolivia,8.856342202,8.56396867,6.717065948,6.645761677,2.584029518,1.452621448,1.991192792,2.603623249,3.906250009,4.807509955,5.101370388,4.589785082,2.515379357,1.940649595,1.728064289,0.234223085,0.813441784,0.54581762,0.250197538,2.072219036,2.702821882,3.168858684,3.634134593,3.848645843,4.327480359,4.406228607,4.550255605,4.454704265,5.460680616,5.758954916,5.411488644,4.980772905,3.938730858,4.055566527,4.423452767,4.698981562,6.596491233,6.573869022,9.888327408,11.64809456,12.9211802,16.46283544,14.34086522,12.40143369,8.554165783,3.532650247,1.166832178,0.500392465,0.356410508,1.30969966,2.679754597,5.657522207,9.832157622,11.19751164,10.50618996,8.085008106,4.828136111,4.392482577,4.398979229,4.449668721,5.015634232,4.82311067,6.08634399,6.981502657,6.115961853,6.646163671,5.948057076,4.414352414,5.388086249,3.801355776,3.446623361,3.637895655,2.770382144,4.43065377,3.502832933,3.789458822,3.493908394,1.86567167,3.143289951,2.796226305,2.841485687,3.110161458,1.722353877,1.441256336,1.147950798,1.588763484,2.144304301,2.471949221,1.313279989,1.460348625,1.062653839,-0.056852111,1.245884062,0.466825451,0.454990825,0.785845523,0.737684656,1.357408915,1.826516236,3.06031847
Brazil,4.647667868,3.734814028,2.625121011,1.820373633,2.303229428,3.267167656,5.501465119,8.361596154,7.872625712,6.582804037,7.561886415,6.201552032,6.211650863,6.997733801,6.63579315,7.492045296,7.627150199,7.804495329,7.635178358,10.64528132,15.63239368,16.85826296,15.21521469,11.39425819,6.752827403,5.490549201,6.898892338,7.234574319,7.443366169,7.794443751,6.204939704,6.087770113,5.510198755,4.295983928,3.835115113,3.141321864,2.987761314,3.29020634,4.021900784,4.254025462,4.634656794,5.560362699,6.260975977,6.23258019,5.782628447,5.176130058,4.401974342,4.232281982,4.863759466,5.106026375,4.596849852,5.580461854,6.102671879,6.591979736,7.136539179,6.703768633,5.766444213,5.002617448,5.24045931,5.608077306,6.352466796,6.564641689,6.072682104,5.841048737,5.806807744,6.392816084,6.587479671,6.516206905,7.65857385,8.513983093,9.52546357,10.36077146,10.14376334,9.146458311,8.728286148,7.044496523,4.892843575,3.557436979,2.568190798,2.817708636,2.793442865,3.336086615,4.40129227,4.115260553,4.081150951,4.31685633,3.180905985,3.371908842,3.831512737,2.136360757,2.626522825,4.250595049,5.28547875,7.72013561,9.64213643,10.48823704,10.74359102,11.91592765,8.645369942,6.050101476
Bulgaria,65.67863528,18.25518841,5.586702136,2.016916543,0.195416802,-0.864210222,5.095058201,5.962568711,8.515882263,10.3663224,10.50920848,11.80983656,8.890829609,9.641816046,6.257065256,4.884749225,8.171876484,7.105132059,4.643458199,3.407373019,0.60471049,1.074336404,3.057680426,4.691773887,6.39228606,6.741751661,6.758684206,4.74291579,3.823849293,4.910137198,4.773956647,6.626022151,8.019056307,8.278600947,6.676512509,6.114395877,5.232088937,4.680551848,11.18689086,12.4751673,13.28197169,14.96807767,12.17030198,9.255263941,5.986473372,4.135547942,1.009943104,0.067531988,0.904512276,1.691659171,2.829589926,4.345389889,5.107188224,4.75247997,3.933282851,3.11583618,2.016602741,1.639999823,3.961763324,4.198130834,3.565999699,2.193515081,-0.609291177,-1.493012527,-2.380346901,-1.827749775,-0.80175004,-0.637828365,-0.476136061,0.564600678,-0.04368287,-0.460663537,-0.672959762,-1.850320373,-0.347219806,-0.315860494,1.65266967,2.268463773,1.583200476,2.742667193,2.008441178,2.582052346,3.520057392,3.143410087,3.284549346,3.341158407,2.719317467,3.075024214,3.608427105,1.558692971,1.132812216,0.422535111,-0.001445485,2.366038364,3.820537619,7.037762082,10.51359333,15.60964337,17.89475376,17.11414527
Canada,1.036269425,0.996309961,0.846521909,1.104972378,0.769230772,1.607599562,2.189781014,2.367941715,2.653580521,2.445163605,2.714285723,3.060498214,2.762039651,3.58020359,2.71210013,1.070441988,1.55065473,1.35547272,2.335815847,3.792278781,4.47913132,2.774991643,2.084022491,1.744568795,0.90938616,2.212101491,2.009073233,2.296991275,2.124235597,1.909611716,2.604828467,2.213788731,2.363693665,2.560899431,1.733746133,1.361386139,1.816502469,2.192448241,2.130249544,2.411477412,1.784094341,2.353992849,3.426698449,1.907600601,1.24777183,0.058224158,-0.864304237,0.789704591,1.61384977,1.396566774,1.830863098,2.263493939,2.598902641,3.357245371,2.996575355,2.695800161,2.336054081,1.582454134,1.219174325,0.939486107,0.907590716,0.765236419,1.149739867,0.93074182,1.39002462,2.224030409,2.083897249,1.925684885,1.075268731,0.902096012,1.193001012,1.330494931,1.542553237,1.551406836,1.231333474,1.391806731,1.911995776,1.32055929,1.37163562,1.787101726,2.056026745,2.300025551,2.680622937,2.035623426,1.61168471,2.148388677,1.939333668,2.094763135,1.80916982,0.024455864,0.26829267,0.781631611,1.436221968,3.349633216,4.062271946,4.726127006,5.831533459,7.546723501,7.152875231,6.665123835
Chile,5.596827237,5.385835889,5.067484236,4.421226263,3.817285366,3.919013755,3.188745107,2.451522311,3.195533095,3.628070856,3.962141554,4.572114885,4.005436269,3.603051915,3.640403938,3.04396947,2.44276265,2.204004985,2.361108668,2.943185883,3.777190372,3.718533173,2.726974892,1.065915414,0.005870717,0.461901425,1.475833228,2.272293166,2.294238845,2.765685838,3.320172625,3.807891346,4.064148548,3.807529247,3.487283723,2.246977936,2.688579767,2.863809254,4.787195612,7.236777364,8.011827023,8.886448909,9.337084691,8.605660677,4.834677738,1.810249392,-1.85412852,-3.02920678,-0.258346815,1.192864966,2.246809774,2.473320262,2.919041249,3.304145332,3.118583144,4.012950422,4.146588845,3.098250375,2.638456828,2.178899113,1.469215488,1.271718479,2.105816243,2.304793934,3.423863015,5.054988966,4.900641254,5.477412617,4.374057297,4.179831782,4.74716978,4.097173203,4.650214925,4.209449351,3.494488085,2.829717342,2.754664879,2.303727272,1.663881975,2.019641189,1.998552778,2.155881573,2.81449016,2.765400215,2.297219733,2.630431139,2.464366533,2.833311241,3.698688895,2.932426687,2.678107188,2.88399643,2.948950694,3.592072652,4.887313184,6.632461465,8.308843958,11.51853332,13.64678901,12.97969726
China,0.298935419,-0.86451275,-1.433830835,-1.100062651,-1.433719533,-2.167092799,-1.163941165,-0.832799744,0.100894276,0.096929868,0.264009874,0.930064064,0.663740035,1.567230543,0.792610924,-0.133725628,-0.586894465,-0.991349378,-0.757680748,-0.593169228,0.469622567,0.609435052,0.806906567,2.628520229,2.763153536,4.31882142,5.16468294,3.089114704,2.745838745,1.679924694,1.307822594,1.379563623,1.414094424,1.65843016,1.592242492,1.932722022,2.747703366,3.608635668,6.189585061,6.71794078,8.096566956,7.863459186,5.313101363,2.580493452,-0.62569425,-1.531017809,-1.269245945,0.526770239,2.071550448,2.718075742,3.264566429,4.642333294,5.223648537,5.954097013,6.438450702,4.620925197,3.727294935,2.771085452,1.89780935,2.103177162,2.463620885,2.390941524,2.733515118,2.894225649,2.240557926,2.138237866,1.9059915,1.407318156,1.147482883,1.357315651,1.793570473,1.450249575,2.102105888,2.109135893,1.628991945,2.160908763,1.437905585,1.508194579,1.602877469,1.822324707,2.12628984,1.711893744,2.28590113,2.173212879,1.829651408,2.667510031,2.864332763,4.222711974,4.956644334,2.72192802,1.958395018,0.120045981,-0.108977973,1.26812888,1.000754442,1.782460345,1.153592618,2.255389763,2.65164065,1.839684612
Costa Rica,10.95863296,10.67209515,12.37312329,12.56286832,11.83999288,10.19480048,8.418260536,9.846356274,11.0092109,10.84853581,11.61859387,10.38742281,9.988026796,12.57677442,11.46360877,10.98903581,9.803836196,7.812944333,9.176153996,9.873513117,9.38850775,10.22048983,8.830555716,9.372769669,11.30254309,11.54176824,13.09309153,13.24333256,13.40862641,13.96139757,13.73159159,14.06762158,12.78827652,11.97277867,11.62467831,9.64480659,9.009020475,9.221735132,8.916123163,10.24981301,10.99983065,11.89130943,15.11578032,15.48940327,12.85387347,9.803621836,5.807207108,3.534857498,5.595621591,6.033578657,5.295026892,5.730379376,4.663370255,4.902055169,5.20639692,4.738518665,4.158212918,4.785207983,4.215536957,4.816378333,6.153135906,5.573980652,5.497278518,3.742213495,3.03404861,4.159642795,5.291557596,5.570653765,3.650426918,1.265039087,-0.64157658,-0.95615539,-0.430454038,-0.743677795,0.485635491,0.626167018,1.106439194,1.696618639,1.237690104,2.463647167,2.410792823,2.181559258,2.17837714,2.115615955,1.540140721,2.270867991,2.757980098,1.816364039,1.760079193,0.603326429,0.021170503,0.529639656,0.614996587,1.486467867,1.750065565,3.050038907,4.728700619,8.643192834,11.32264471,8.371995843
"Croatia, Rep. of",6.009901602,6.424601621,6.930072303,6.221316205,4.027171277,3.721374037,4.391408125,3.937381405,3.85919674,4.105111855,5.008145778,5.453470667,4.628736734,4.981024667,3.085553991,2.462825271,2.764976958,1.174875737,1.043083906,1.723356015,1.748878928,1.473872262,2.064631956,1.783325907,1.806963411,2.288732388,1.802990328,2.321506782,3.116883119,3.012048196,3.282937364,3.852739725,3.442485312,3.842940683,3.262233372,2.225886237,1.623376615,2.172164123,2.875658164,4.919354836,5.910543132,6.535433069,7.440944885,4.458109149,3.808446458,2.882483368,1.209234149,1.655629139,0.871776248,0.682471242,1.086169442,1.48389431,2.268635205,2.283267965,2.04154724,2.496433719,1.478873251,3.453086863,4.106704168,4.592901829,4.614850769,2.292650047,1.786918431,0.266134356,-0.298507439,-0.395517498,-0.19874132,0.033178518,-0.432468351,0,-0.630600792,-0.796019867,-1.269629166,-1.720714763,-1.302605168,-0.20060182,1.082910339,1.077441095,1.015228407,1.340033476,0.970873749,1.898734178,1.876046885,1.256198379,0.563660504,0.7191893,0.887865854,0.914136505,1.351796894,-0.292113017,-0.097783534,-0.32351989,0.390370881,2.083333367,3.034257745,4.7062642,6.448476942,10.77806125,12.4762508,13.26720394
Cyprus,2.218893099,2.387769287,2.929600881,1.391455599,1.898188348,1.146049945,0.856780933,2.617518976,4.341302381,4.613811746,4.061146839,3.584839055,1.754385972,2.14684279,1.623478967,2.357789075,2.584636644,2.345534225,3.502186932,2.772648846,4.83698148,4.903202464,3.305760355,3.540187899,1.352022191,1.586754045,2.950477232,3.237092882,2.878298948,2.408036226,2.319224483,2.639627471,2.645915081,3.05506468,2.246967322,1.30483847,1.5284059,1.943799628,2.512710211,3.478679063,4.65600209,5.011279302,5.45223334,3.584817966,0.950664839,0.515151509,-1.006933974,0.861450112,2.566627684,1.995779323,3.118528439,2.055160109,2.805448828,3.783400347,2.982870627,3.574230671,3.192948693,2.597402592,2.454832264,1.346688027,1.510309117,-0.305351996,-0.764149409,-2.001494883,-2.582820156,-1.381077018,-0.739006517,-0.700564972,-1.535865475,-2.162742131,-2.722287005,-1.962904014,-2.236500188,-2.182129917,-0.565644433,-0.723322631,1.367900402,1.243098685,-0.408121894,-0.060404694,-0.50814376,1.144195342,2.668743773,2.444511574,1.528834719,0.393622682,-0.633349835,-0.252384516,1.076056928,-1.558432978,-1.215018361,-0.841219715,-1.404086989,2.379677294,4.38552268,4.470439987,6.368255613,9.179770501,9.487476668,8.482157049
Czech Rep.,13.25098259,12.68698061,9.667194925,7.484407475,3.073872093,2.359882017,1.204238931,1.934235979,3.511303505,3.650336202,3.902903379,4.032258058,4.042750931,4.958294727,5.405405403,4.240766076,3.841000451,2.428256066,0.782268578,0.612423455,-0.38709678,0.086206892,-0.043122033,0.826086954,2.374784118,2.583979337,3.106125967,2.975420442,1.602699277,1.553316537,1.84100419,2.428810721,2.864259031,2.852418357,2.958093669,1.471790677,1.493139625,2.451768484,2.593774939,4.875100718,7.435387675,6.78697529,6.612213146,4.648482524,2.109548485,1.396032324,0.109449111,0.477239352,0.652410293,1.268115922,1.93148691,2.046035831,1.764494014,1.753130577,1.787629617,2.36305045,3.644727546,3.375527443,3.266596348,2.868135732,1.809491294,1.53061222,1.258503446,1.156069328,0.167672742,0.167504226,0.604635548,0.436974854,0.100435205,0.668896289,0.367278808,0.100401592,0.468227421,0.265780755,0.532268752,1.471079855,2.430093177,2.22001325,2.547981449,2.602965437,1.852453701,2.269043743,2.387867049,2.087347498,2.712188901,2.820919193,2.83643244,3.019817478,3.603603589,3.113440247,3.309837534,2.625954228,2.188905603,2.899850476,4.123405546,6.12912826,11.23826286,15.77571185,17.57834754,15.69946729
Denmark,2.046203596,1.979065172,1.676161376,1.685300375,2.021354675,2.277463683,2.640837151,3.043827879,3.132873249,3.201987746,2.72521104,2.561282635,2.391696813,2.542758949,2.396738396,2.023247167,2.503236945,2.258201969,2.301790281,2.634934117,2.736842106,2.291666658,1.833333324,1.449275371,0.942622944,1.09979634,1.186579379,1.387755096,1.2180268,1.692183719,2.264456132,2.093397751,2.085840347,2.020602221,1.897983385,1.695583596,1.886051084,1.592233014,1.125339543,2.171384253,3.046664095,3.516819567,4.182655414,2.922201143,1.758982036,1.218611523,0.994475143,1.25368732,2.096358954,2.188982099,2.370532448,2.585579041,2.701729125,3.034630526,2.707516933,2.591409303,2.700806748,2.182952158,2.462712449,2.249134929,1.16120218,0.847744969,0.507786092,0.642977959,0.607697454,0.605245508,0.572583311,0.470746506,0.268456397,0.601604231,0.602813175,0.334672047,0.301204843,0.132890376,0.16644466,0.400266782,0.967634283,0.829462573,1.528747119,1.262458477,0.594844633,0.987166815,0.883797031,0.787401636,1.182654403,0.749429749,0.421804056,0.683593712,0.616883165,0.097024587,0.516962884,0.452635017,0.709906386,1.647819101,1.89649627,3.154167982,4.838192906,7.438016482,9.211356476,9.235569442
Ecuador,29.12919051,34.48675818,35.40863175,44.14069303,45.57543139,54.59249678,53.98074052,53.805267,83.20139191,96.54114365,104.7634987,97.30600063,67.63616504,39.5590879,28.92527143,24.0993591,14.71000637,13.19864407,12.35160654,9.916920621,9.662184686,8.150364144,7.529793998,6.468397785,3.913405739,3.165694317,1.990422113,1.932675688,1.351024043,1.674504945,2.674779172,2.97130143,3.808499431,3.111521941,3.187142653,3.096406505,2.058109307,1.711430906,2.534506357,2.793505488,5.283459036,9.052983441,9.952779626,9.270328007,7.879832964,5.48431767,3.489584163,3.94481317,4.030169655,3.250342478,3.55339747,3.39206079,3.379771245,4.129373705,4.890854203,5.479290113,5.646357543,5.090215721,5.063262834,4.626283642,3.527922025,2.90608657,2.125108905,2.347718807,2.961060757,3.438706547,4.149763741,3.801815769,3.781491567,4.578318614,4.09381753,3.419502738,2.670331632,1.667397128,1.432332111,1.161619325,0.939197818,0.78408751,0.118401071,-0.168830411,-0.149715292,-0.835364127,-0.220085465,0.314038606,0.193242842,0.391451703,0.321924074,0.157833717,-0.116678128,0.643920452,-0.732800115,-1.150127031,-0.892113261,-1.097092592,0.802397784,1.750781814,2.636597248,3.503248352,3.913240195,3.801718845
"Estonia, Rep. of",11.86559327,8.923180141,7.35632184,5.004812327,4.005006265,3.26455189,2.630773944,3.299725009,3.158844757,3.071875933,4.441132637,5.383022775,5.890930305,6.712962974,6.050228317,4.378332872,4.323877714,4.175704989,2.798708278,3.011562248,2.428722277,0.75481519,1.151832467,1.018010968,0.438144339,3.177473526,3.985507246,4.599483192,4.567616117,3.505257887,4.280736683,3.977272734,4.392638028,4.426705373,4.43914081,4.490377756,5.195110489,5.675237427,6.421389399,9.049567989,11.08379889,11.39850943,10.84389092,8.236030021,3.138201563,-0.314836683,-1.046106166,-1.964939317,0.27306417,3.138570865,3.249804235,5.246610318,5.368605291,5.244019176,5.252180551,4.088872313,4.375115435,3.909801791,3.72905782,3.730941747,3.519632096,3.377668849,2.778742566,1.469825288,0.615069175,-0.016929114,-0.557620836,-0.460122707,-0.899982987,-0.050795762,-0.475785861,-0.544427341,-0.428375603,-0.694562121,0.443913226,1.287612807,2.994321091,3.138860453,3.722590534,3.80693404,3.107769423,3.324512145,3.572599206,3.732809421,2.301085728,2.897390694,2.199367045,1.72032827,1.488990972,-1.151213408,-0.944418625,-1.132660983,0.655533003,3.084671089,5.548608949,9.337727582,12.83919994,20.24427476,23.76754032,20.43921348
Finland,1.874633905,1.585687762,1.200304686,0.946004234,0.681522644,1.17715178,1.1409313,1.645625119,2.732313345,2.779947443,3.254651143,3.395830479,2.819898355,3.124370133,2.531145548,1.850202029,1.964129807,1.388622203,1.347711366,1.589926725,1.610618613,0.865175453,0.575401631,0.465368497,-0.06974256,-0.177252491,0.400461534,0.596465537,0.501620513,0.820192066,0.657417868,0.51672527,0.869564068,1.566141772,1.766075786,2.061164932,2.354115185,2.46062627,2.488536059,2.736157519,3.822482183,4.066608502,4.568693812,3.804689697,1.622458996,0.215381654,-0.763824091,-1.038481156,0.161689857,0.93255483,1.070454507,2.578807062,3.222986553,3.348447867,3.830737188,3.265819743,3.076774532,2.997940554,2.7823393,2.383085429,1.680408216,1.503896393,1.342554434,1.388451068,1.323335869,0.922917101,1.102437505,0.818588127,-0.12171509,-0.123477218,-0.337469597,-0.248589841,-0.033394566,0.309824429,0.433434408,0.71573623,0.965425087,0.770508082,0.680543118,0.601573335,0.734515644,0.978841217,1.295832241,1.324089909,1.156145274,1.217402644,0.947234792,0.778235394,0.811741075,-0.174126106,0.319231268,0.209144409,1.046766329,2.086698078,2.201793586,3.438864635,4.902304519,6.831413775,7.840608864,8.865435315
France,0.748999187,0.987633114,0.608945497,0.260850967,0.256355473,0.382685599,0.520011934,0.989507816,1.461751554,1.423246354,1.903913844,1.913168338,1.306283596,2.05061812,1.776797596,1.404831956,2.151830509,1.624718632,1.774397978,2.145484269,2.366263492,1.912854379,1.932270115,2.184436892,1.800087236,2.390642915,2.285804363,2.090756031,1.721518982,1.701914166,1.880249672,1.6797699,1.784278437,1.912495732,1.694274267,1.312563646,1.162397026,1.172878574,1.268129413,2.345407841,2.94883236,3.304872666,3.249972459,1.760576187,0.624887127,-0.206626286,-0.42324655,0.364611258,1.324574628,1.61359414,1.543022482,1.641913266,1.796152611,2.065767293,2.138661235,2.442357605,2.314331458,1.999862333,1.976788163,1.532409779,1.061260553,0.806533304,0.938840375,0.650203845,0.727003503,0.629351878,0.398139726,0.277814984,-0.240585468,0.212907504,0.083311166,0.093461028,-0.040194216,-0.006639262,0.279692326,0.500216772,1.233119985,0.886395337,0.869940528,1.141454034,1.360431634,1.895422748,2.248263664,1.896263252,1.221344141,1.123849496,1.004442695,1.085031729,1.19370244,0.297001261,0.347421467,0.076442843,0.742842504,1.38190147,1.724740294,2.718013957,3.658343631,5.288944739,5.848373162,6.066803016
Germany,1.248496478,1.367658422,0.597367801,0.43876504,0.198884972,0.515867952,0.673007309,0.953134988,1.548231731,1.105413279,1.37632289,1.730922097,1.720090931,2.538068266,2.017074084,1.662800574,1.998464962,1.294744463,1.216724019,1.179157588,1.130370649,0.789473815,1.051840891,1.165407011,0.968702373,1.864980885,1.821557419,2.006692346,1.623617684,1.244960633,1.642937467,1.67577675,1.706603551,1.8444861,1.472700825,1.289852927,1.785081717,2.059660541,2.265487706,3.077473621,2.946331085,2.887952991,3.080650136,1.612902349,0.817715155,0.2705489,-0.235057122,0.405271272,0.811090452,1.112987734,1.110740036,1.379074196,1.877305027,2.001332883,2.197068717,2.222962088,2.138859049,1.863960491,2.01954009,2.012333346,1.546391543,1.508831156,1.62835748,1.336299475,1.205581942,1.07526485,0.848248913,0.50235595,-0.051105586,0.968857438,0.728883142,0.409232912,0.30261833,0.132884157,0.497346205,1.03402811,1.642645495,1.426672865,1.550644979,1.41960074,1.319258836,1.733730562,1.884340057,1.985679854,1.367183874,1.704167589,1.466823852,1.244813354,1.619555708,0.411902069,-0.916464713,-0.50441336,1.499000681,2.190507856,3.878301584,4.709418828,4.791598316,6.658005793,7.402639214,8.580542254
Greece,4.414273297,5.275691142,5.11969418,4.256264214,3.593684415,2.420756275,2.029592316,2.529111745,2.896223171,2.676672159,2.95886658,4.059906621,3.316132746,3.685666165,3.77115887,2.737992103,3.959978414,3.509491036,3.46867212,3.586000034,3.849900239,3.66918382,3.414733037,3.197223487,2.717077338,2.888845249,2.827031114,3.156790964,3.337484539,3.312486265,3.870502956,3.659270783,3.260812326,3.2133177,3.434084453,2.882438494,2.678162148,2.594993673,2.657653557,3.637474153,4.255462575,4.751786237,4.729807909,2.902371057,1.547899596,0.660029863,0.685631938,1.95103343,3.030642995,5.163391762,5.533816462,5.099506015,4.694940332,3.517947198,2.377848408,2.780434156,2.028547249,1.532197433,1.323680052,1.133656099,0.021279642,-0.475454338,-1.029028,-2.184092082,-1.323645147,-1.466630453,-0.607997327,-1.84472232,-2.379650598,-2.137325817,-1.803847657,-0.609520083,-0.921144594,-0.946437576,-0.98699333,-0.449296275,1.403453985,1.283421901,0.965736048,0.835297649,-0.117277373,0.537599108,0.97139403,1.106879701,0.668748324,0.322054497,-0.06600217,0.093190797,0.360471002,-1.382787526,-1.900207549,-2.051088873,-1.623778851,0.291054108,1.815490588,4.448251439,7.444346897,11.20005969,11.67558662,8.272516554
Hungary,17.0320184,15.3030968,13.33866655,11.25087941,9.471936032,9.11369929,10.59644828,10.77632532,9.858253147,9.164172421,9.82949782,10.34579327,10.27027028,10.5136822,8.681370253,7.126436783,6.194295901,5.473501295,4.57685664,4.849785407,4.657994124,3.912685351,4.706853847,5.362259517,6.816359258,7.332540615,6.979495271,5.866355868,3.566066078,3.729689807,3.649096939,3.302752285,2.537151132,2.634389466,4.125177802,6.394316173,8.518911282,8.602150537,7.650273235,7.11185308,6.905537457,6.770999679,6.313451768,4.239401503,3.016453381,3.589590194,5.013428835,5.203349279,6.00414079,5.342188877,3.807899967,4.320636721,4.213169613,4.029605213,3.394470343,4.087193417,5.595716222,5.480895906,6.14244102,5.392670177,2.941176438,1.798651033,1.471688762,0.745156529,0.024630573,-0.171779092,-0.073746317,-0.690335289,-1.058852505,0.245820998,0.049200465,0.521350488,0.348432047,-0.049043622,0.04917627,1.234872855,2.604166648,2.080471024,2.418284634,2.293242248,1.982112707,2.720630619,3.44579348,3.243501043,3.152405748,3.743565753,3.061934608,3.395703439,4.319852931,2.480829996,3.71370694,2.815013335,3.149779745,5.193661946,4.991319493,7.083876596,8.242579563,10.58577408,16.4737495,22.72727276
India,9.039007941,10.36757723,15.39888929,17.86037366,8.987780698,7.087962083,2.813504467,0.461536169,3.682947906,5.263157523,4.143862306,2.986223958,2.934361517,2.72727317,4.654658151,4.758376042,5.10128018,4.498551497,4.01720545,3.619540432,3.782992225,4.728275616,3.379301283,3.356187805,3.989012753,2.695414687,4.202821736,4.174969758,4.232805699,4.00258766,3.713203202,5.025426763,4.505076246,5.949192698,6.223138066,6.464133326,7.002801127,6.318681316,6.702412875,5.511811027,6.282722514,7.751937983,9.045226126,10.19900498,9.359605901,8.872901679,11.75115208,13.31828442,15.31531532,13.65638767,10.30927834,9.163346662,8.984374976,8.91472873,9.158878511,8.599992303,7.551855084,10.13798218,9.990785548,10.1613893,10.16701801,9.22055117,10.07966302,10.57360425,8.31218277,7.849829349,6.674577263,4.050925898,5.272407706,5.092059853,3.948832055,5.339265891,5.258764613,5.666575415,5.163188897,3.748679993,3.542162282,2.227979276,2.976341873,4.554707433,4.62088336,4.764318314,3.85375493,2.579703062,2.46461685,3.07208514,3.472883003,5.860023724,6.668254362,6.571227426,6.896551708,6.364858838,4.86715785,5.593481598,5.075268811,4.993678872,6.344475202,7.278415027,7.04052395,6.140878973
Indonesia,27.71851212,49.66627098,76.32587447,78.39576324,55.74894464,30.86244616,6.639552571,1.699455525,-0.593915192,1.093033972,5.680476537,8.763171676,9.334441574,11.15563641,12.75973099,12.64214445,14.54845591,12.69096037,10.37792925,10.21909713,7.802007399,7.215030242,6.378091202,5.695485385,4.839165904,6.38378877,6.709896314,6.305891162,7.74746824,7.661139092,8.397184757,17.78249562,16.90395511,15.51375323,14.87183604,6.052355657,6.359676709,6.024269546,6.506822095,6.724062905,7.646180034,10.21269111,11.89321591,11.08509028,7.653812218,4.760299373,2.765578839,2.588431014,3.657152013,4.37147771,6.150378743,6.316354526,6.83061428,5.891742672,4.667870691,4.118229284,3.72492236,4.495070174,4.485650961,4.406545671,4.726128044,5.229058449,7.871741294,7.754376524,7.761377248,7.089409083,4.351556712,6.475784353,6.542980409,7.065006355,7.089157829,4.811763328,4.335105633,3.461163043,3.024735362,3.302582068,3.645384004,4.29156781,3.806329656,3.498203285,3.277835523,3.254239019,3.089822789,3.173184939,2.624685138,3.144166052,3.400159246,2.949399996,2.921555153,2.114142182,1.200572517,1.46965651,1.431664861,1.477465127,1.56973751,1.760532414,2.291299664,3.791714954,5.193365479,5.545025489
Ireland,1.819075703,2.63929619,2.975609767,2.225447508,1.448575576,1.380952383,1.373756501,2.31897775,4.331270816,5.213715358,6.214953276,6.5679926,5.337591241,5.49107143,4.619445663,4.079861111,4.807275888,4.570461282,4.289318758,4.795663052,4.917355372,3.763658432,3.145161298,2.188619176,1.614808973,1.794071763,2.619233775,2.764797508,2.209302322,2.298850578,2.552380951,2.652519899,3.185438006,3.85767791,4.234769682,4.429678843,5.034913628,4.976559661,4.739843207,4.842700626,4.723582959,4.637581641,4.389248006,2.528658068,-1.470096959,-4.497701982,-6.127770499,-5.754685925,-3.390979957,-1.306290781,0.208333325,0.872295863,2.24640226,2.821316627,2.42550239,2.732618473,2.197047691,1.761517606,1.759133957,1.077441065,0.940544197,0.532623211,0.365691554,0.199866747,0.099833559,0.331125782,0.298111897,0,-0.565159535,-0.363036273,-0.132100359,-0.099733991,-0.100300947,0.132494166,0.132275095,-0.133111539,0.502008059,0.231558061,0.132100454,0.499833416,0.299700335,0.132013164,0.791556695,0.729443004,0.796812716,1.252472059,0.687172793,1.020408136,1.021080342,-0.325520882,-0.844978871,-1.173020479,-0.195630902,1.436969273,2.917076325,5.308275585,5.782424039,7.952350347,8.662420419,8.766437124
Israel,5.824714201,4.832713763,3.582554518,7.704160249,7.253086419,5.977710236,5.964912274,1.764425372,1.390887293,1.864244738,0.946073793,-0.046860359,0.236518451,0.891600184,1.780693538,1.687763712,3.964134023,5.767441857,6.537753213,6.777316741,5.220154341,1.495162714,-1.555747622,-2.115716755,-2.502157036,-0.693240901,0.658472352,1.058667842,0.796460171,0.305410119,1.613606631,2.531645574,3.160667262,3.392779473,1.931330462,-0.170285228,-0.595744686,-1.009676062,0.842105263,2.601279319,3.467465754,4.88737781,5.177453035,4.655029091,3.475382704,3.200972454,3.175863436,3.574265293,3.518592561,2.826855122,2.000769495,2.453987749,4.016994956,4.123711298,3.281780477,2.544910148,1.819532142,1.576824356,1.753104474,1.569343072,1.385849739,1.263537894,1.687006476,1.94035217,1.330935244,0.819964403,0,-0.211491025,-0.816471383,-0.388967494,-0.388280999,-0.812433822,-0.536864745,-0.851970143,-0.531537951,-0.28490021,0.50377837,0.465449274,-0.249376481,0.321428498,0.179018988,0.712758422,1.249999987,1.032395938,1.250893482,1.203113927,0.4938271,0.458069,0.141193091,-1.1188811,-0.737100693,-0.736583611,-0.070497008,1.343705794,2.227722731,2.544169591,3.386243328,4.187020235,4.773434837,5.20330804
Italy,2.022753453,2.044022447,2.040173078,1.71553188,1.394061019,1.448376894,1.722549948,2.085251634,2.352577679,2.490891822,2.63077816,2.673474896,2.895516351,3.05275872,2.799060414,2.399063927,2.40789539,2.272074032,2.407570838,2.771431457,2.719545419,2.699661174,2.742787341,2.529880999,2.289023746,2.327491584,2.233723925,1.979393676,1.914263812,1.846394176,2.025051344,2.153678777,2.142857332,2.233323673,2.167659889,1.821969068,1.735303239,1.593422657,1.635997502,2.351741367,3.054986374,3.5669096,3.973839979,2.79720397,1.482215526,0.854906509,0.120951427,0.655974305,1.29016451,1.404693419,1.618749834,1.786149739,2.338569651,2.67136898,2.805845228,3.300165149,3.250166954,3.284549763,3.168448692,2.471116609,1.907788362,1.164990629,1.128177213,0.68900657,0.499219193,0.435714639,-0.061998214,0.093309412,-0.248364706,0.061994883,0.186046698,0.155367201,-0.094929865,-0.390215987,-0.01933073,0.128773227,1.339584769,1.504010659,1.131447627,0.93271147,0.727032329,0.9219625,1.480750211,1.419141909,0.951443592,0.848287088,0.356679654,0.292873461,0.292492644,-0.129407899,-0.484652714,-0.22712523,0.58327933,1.198574661,2.175324677,3.544715456,5.670103105,6.914212506,8.388941913,11.74623112
Jamaica,8.819396758,9.088574273,9.470830204,7.208356115,6.576181627,5.250147143,5.127110191,7.078390428,7.761910129,9.225177575,8.673469397,6.976744197,6.239737262,6.270096465,6.885759005,7.76397515,8.191653792,6.959152802,6.29575402,6.916426512,6.142857164,8.910891103,11.57024793,13.47708894,16.01615074,13.76623375,11.23456792,13.42042756,12.87703015,16.21004566,17.53607103,13.61256544,11.92189105,9.135559933,7.837582611,5.714285716,7.254361809,7.56075607,8.143607716,13.86224935,19.26369863,22.67782427,25.91093117,20.21439509,13.06532663,9.959072302,6.752411574,8.980891727,13.07936508,13.8337469,12.16867473,11.45528928,8.3660865,7.084468692,7.841031085,6.974305223,7.253886019,6.921119585,5.87649404,7.450980359,8.502415428,9.043312644,9.830667977,9.945255521,8.771148717,7.85683115,9.250535284,7.261410798,4.584527212,4.24929179,3.018424138,2.978723394,3.444226994,2.368012362,1.940639321,1.690458265,3.443057165,4.626469497,4.479283261,4.950129285,4.352596906,3.008336362,3.822793867,3.766279491,2.698913415,4.292751604,3.922918099,4.681139758,5.32423207,5.519319089,5.226024167,4.854011233,4.553447177,4.393391284,6.550833015,7.856036348,10.55256705,11.20980092,9.864146518,9.8280802
Japan,2.010906601,0.333555679,-0.200200243,0.532445942,-0.100233852,-0.265957408,0,-0.993048681,-0.602006722,-0.700000006,-0.635239042,-0.768973608,-0.437415927,-0.738502818,-0.773889657,-1.010781694,-1.41939836,-0.913087638,-0.813835177,-0.544588076,-0.239972577,-0.238907852,-0.239316241,-0.30800823,-0.137457074,-0.307902856,-0.102810116,0.51493302,0.03441152,-0.102951242,-0.308747873,-0.751366084,-0.137598829,0.171762268,0.619408155,0.344115597,-0.103341443,-0.06858712,-0.136798935,0.548696864,1.000000066,1.372683594,2.123287632,1.023192383,-0.13656541,-0.981719669,-2.21327967,-2.059419314,-0.851635511,-0.782033217,-0.999432771,-0.277003302,-0.526500496,-0.385829576,0.14104372,-0.316678395,0.317572336,0.176056361,-0.422535211,-0.247087889,-0.668308121,-0.281195102,0.884016989,1.415428152,1.522662915,3.560098726,3.364879091,2.581995824,2.302057917,0.578624937,0.101729409,0.238095196,0.034094722,-0.372250426,-0.474254755,0.305395346,0.340831694,0.407608637,0.612661635,0.57510151,1.290760861,0.676590018,1.116373486,0.874537459,0.301810798,0.739247317,0.334560021,0.500166769,0.668672716,0.133422231,0.033344483,-0.928998033,-0.531384909,-0.732844776,-0.166666651,0.50234432,0.868113477,2.382550337,2.871452373,3.865378158
Jordan,5.475609762,3.011941125,3.357132874,0.644394236,-0.290697675,0.74481866,0.713822191,1.256038652,1.781665048,1.092896174,0.934278359,-1.113231561,0.16494207,0.864170217,2.545660538,3.848886532,3.053120162,2.578796561,1.020511269,0.412226021,0.690621568,1.157222655,1.860372062,2.773605683,3.094764739,4.171597634,3.135637612,3.088464529,3.062929871,1.189687276,4.173278322,5.541379212,4.418872985,7.284778513,5.542403957,5.186608671,6.926814067,3.88199459,3.56041092,4.674675228,9.769653991,14.66689651,18.20442848,13.25801535,2.784024144,-1.733009703,-3.081925168,-0.700122291,4.648687733,5.18923086,4.109586684,5.43268466,4.045386032,4.762543202,4.608856404,3.25766602,3.316625264,4.079645207,4.89799508,5.731125462,6.470092839,4.818726814,4.442966818,3.639743228,3.275709144,3.4394667,2.908315954,1.994689639,-0.920740347,-0.315924888,-0.846678257,-1.42005214,-1.157184129,-1.651633238,-0.573300499,0.268088817,3.783644099,3.633575679,2.539343176,3.350626418,3.634867125,4.729041262,5.181786244,4.302235499,1.177826387,0.840999296,0.494216652,0.542062423,1.8841877,-0.085125806,-0.345098227,-0.101681153,0.06394962,1.557482677,1.900445659,1.87224227,2.293486248,4.384509832,5.362738255,4.856782892
"Korea, Rep. of",8.934644556,8.171721506,7.031072408,5.97366486,0.709003094,0.593077857,0.651309709,1.296201925,1.924515212,1.587001091,2.981723354,2.539964572,3.693403876,5.04336807,4.246152863,3.296990065,2.524985769,2.688523588,2.515384116,3.317063801,4.07482431,3.304753012,3.167002603,3.521598593,3.247758104,3.410231183,4.332100719,3.37109437,3.250791282,2.978481556,2.33576776,2.461863293,2.080478215,2.238574914,2.523911322,2.124841104,2.004071736,2.448497725,2.300706976,3.379496786,3.801677227,4.845073321,5.5409218,4.495431063,3.911026948,2.765758364,1.980098217,2.406730595,2.984325768,2.663093611,2.873929024,3.234491816,3.83832874,3.98203011,4.316328408,3.964526901,3.012559197,2.428750251,1.609997433,1.715582552,1.557330488,1.215578897,1.365849753,1.068257891,1.12838062,1.607653505,1.381069206,0.982900265,0.696437622,0.563233853,0.646374558,0.919830247,0.859329307,0.840294774,0.734770879,1.452135037,2.200059408,1.921803006,2.218162165,1.441039815,1.076349334,1.492511737,1.547004213,1.786628078,0.542419657,0.652198073,0.044590052,0.295617059,0.966648294,0.008706654,0.721835351,0.454149017,1.422432486,2.487862066,2.535267463,3.546240848,3.806739763,5.407083064,5.876435875,5.246417738
Latvia,6.157066275,5.774258618,3.90962233,2.816216483,2.545301473,1.754913416,2.061977012,3.099178732,3.266877461,3.078881346,2.496373261,1.786429909,1.114553242,2.346860033,3.273850656,3.217637588,3.306785651,1.969387478,0.965281405,1.53686902,1.907641014,2.888965065,3.476569983,3.499541248,4.330812001,5.79345868,7.365217589,7.255104532,6.657492836,6.527023879,6.468411616,7.328764604,6.979452224,6.333040553,6.56441606,6.285577602,7.648752018,8.603301562,10.31860443,13.65042354,16.39961303,17.70264616,15.75601005,12.02795696,9.210859848,4.740147669,1.599325649,-1.064432241,-3.750206527,-2.140266264,-0.139017552,1.810526182,3.970045697,4.762168665,4.540203796,4.206539832,3.426108994,2.295316467,1.744796375,1.589363618,0.375257655,-0.10860623,-0.090311453,-0.292044415,0.391946792,0.669080774,0.833920403,0.587102781,-0.008200756,0.779621356,-0.135100966,0.057099197,-0.444999309,-0.698351595,0.223990821,1.493794833,3.18498143,3.095214548,2.885673504,2.561253145,1.991764678,2.352091922,2.888122221,2.901067163,2.901505434,3.275307219,2.863672388,2.211072852,1.941707185,-0.42354237,0.000704517,-0.614148607,-0.123385437,2.328022476,3.793293534,7.14048501,9.227221891,16.40492712,21.74608758,21.47249512
Lithuania,6.509315864,6.533073155,4.385894451,2.935671296,1.82708862,0.457823676,0.429341465,0.205792458,0.831942551,0.831090188,0.891223144,1.374525928,0.064551704,1.395875567,1.924390389,2.088638883,2.5746336,0.457207789,-0.834923166,-1.035329596,-1.67321506,-0.721705302,-0.924841608,-1.210783886,-1.207348173,0.481157177,2.411383895,3.013254921,3.151503738,2.352737602,2.198059284,2.939512811,3.304032239,3.578945131,3.909920176,4.151932721,4.323317293,4.83491816,5.879865673,7.845491853,10.63293875,12.06408015,11.72869388,9.340972934,8.664117467,5.234931713,2.781928633,1.359524633,-0.271571777,0.668400367,1.83015012,3.07878752,3.261545848,4.760732799,4.511672219,3.981870964,3.561122751,2.73520601,3.173571829,2.901102507,2.121792252,1.268949762,0.427597512,0.39238584,0.173448908,0.090125178,0.12942586,0.022312692,-1.565351695,-0.677800015,-0.925288764,-0.369514839,0.983411114,0.743240296,0.708027938,1.187191413,2.801471392,3.499654992,4.36190814,4.220893293,3.386221057,2.622682746,2.346820045,2.451320717,2.146605558,2.657703776,2.499664668,2.03517915,2.501036353,0.776017508,1.017204947,0.527013074,0.833218901,3.235481793,5.414587018,9.253412623,14.11356087,18.91488023,22.707948,22.72235261
Luxembourg,1.272178481,1.1817893,0.945596509,0.440805615,-0.088092168,1.239776228,0.904208811,2.04147578,2.896706181,2.842315606,3.333011813,3.52341371,2.884982833,2.998771687,2.748233056,2.037170587,2.217967401,1.916643007,1.958221125,2.204592135,2.474648542,1.970149727,1.899771174,1.861961046,1.976085075,2.344845432,2.229620776,2.349364322,2.201798203,2.344728719,2.726540519,2.672870967,2.943231804,3.08180192,2.699967619,1.952999676,2.136325512,2.011516924,1.939221945,3.158557209,3.299710697,3.920507268,4.28797897,2.116220544,0.662326842,-0.100453905,-0.144594392,1.0641873,1.970147012,2.208483857,2.357702394,2.553018511,3.488072011,3.614633424,3.170342446,3.372122342,2.871699827,2.549584996,2.658040973,2.575541083,2.123090747,1.81063757,1.698746484,1.311497685,1.075086525,0.889218172,0.636492232,-0.080488215,-0.006710727,0.530831656,0.558846159,0.815600378,0.248313751,0.019925591,0.166389368,0.729100779,1.737238504,1.709940923,1.880398615,1.596377616,1.085740606,1.282930146,1.695689044,2.043007267,2.040749919,2.011216425,1.58083756,1.34855099,1.486395972,0.518167459,0.738659722,0.544196263,1.25404662,2.272584369,2.478613662,4.095360292,5.425875286,7.059655197,6.800391396,6.053137748
Mexico,15.29725004,15.12745223,15.61304779,17.56466445,18.59938015,17.87487448,16.476651,13.69843778,10.54931762,9.542120789,9.023370649,8.913729711,7.456377838,6.876098026,5.984477765,5.222280533,4.745142311,4.773708744,5.249960193,5.342332461,5.439194449,4.738499641,4.068831512,3.972992251,4.322146505,4.287102819,4.789890264,5.338745837,4.399670287,4.510075329,3.972741766,3.09930481,3.697915893,3.125479253,3.54174181,4.144734447,4.100108474,3.974122335,3.98670388,3.810543501,3.892429398,4.916728546,5.480342164,6.181727857,6.175401616,5.962401615,5.136460345,3.975116608,4.753228023,3.960397122,3.670374023,4.248263929,3.46301124,3.295610964,3.368636959,3.500366493,3.881258342,3.865050932,4.586801341,4.111526706,3.686778847,4.45592633,3.439707424,3.651526684,4.157119552,3.58637804,4.146791832,4.181764367,3.067727592,2.936678085,2.614795694,2.274346443,2.693715232,2.558700295,2.784060866,3.243567393,4.978921042,6.097941585,6.482934652,6.593887276,5.305809109,4.568027329,4.912112756,4.816635338,4.102914735,4.213963058,3.312413033,2.940380698,3.394335133,2.772662314,3.895290396,3.520772204,3.987519293,5.952112015,5.799489803,6.990495564,7.268855459,7.774259707,8.515936028,8.00507789
Morocco,2.992125975,3.341556399,2.799552066,1.89510798,0.371341207,0.151909727,1.285403051,0.929930791,1.828073988,1.906825568,1.140030114,2.699807155,1.025860231,0.722942797,0.914504474,-0.166910074,3.215570126,3.905425374,1.875658579,2.194357364,-0.020496007,-0.528240551,2.461729422,2.781186097,2.050020501,2.144607852,1.413284876,0.397930758,1.265568506,0.779844023,0.338443159,1.545778841,2.10275739,3.690476194,3.690476194,3.64949258,2.642315915,1.555790654,2.485971264,1.891782334,2.760433781,4.317958782,4.084278771,3.689444983,3.165973776,0.689871433,0.591715978,-0.495049498,0.123992561,1.214574895,0.464396286,2.176616936,1.578947377,0.123076904,1.602465363,0.334753509,0.481560467,1.38291336,1.264795186,2.016560466,2.350188044,2.462133962,1.753880169,0.975939889,0.43621153,0.052487602,0.139609682,1.139129788,1.504868614,1.892371373,1.88124632,0.960698719,0.988372105,1.915264131,1.846508938,1.78777396,1.266551563,0.313211854,0.198300264,1.24645896,2.140144736,2.611410738,1.639807745,0.839395618,-0.230715946,0.248962606,0.445062608,0.749167531,1.311018211,0.102506772,0.921771159,0.496269138,0.142720048,1.566068487,1.364079199,2.53000322,4.002603303,6.29617728,8.010253165,8.256880793
"Netherlands, The",2.084528591,2.193940551,1.794484316,1.767795176,2.144998123,2.211895905,2.2082019,2.064230756,1.884456666,2.173122392,2.496368918,2.880231135,3.951217314,4.391741568,4.277743327,4.001930764,3.775055199,3.350240818,3.210463737,2.826884937,2.427933754,2.004371675,2.061389072,1.879282751,1.21370098,1.431286137,1.132836118,1.276732857,1.62971309,1.53067326,1.753966354,1.837270346,1.112606901,1.315221235,1.17918985,0.800531077,1.574186476,1.790281324,1.289348361,1.801417893,2.139635295,2.306989499,3.168960242,2.328944366,1.955159659,1.611222746,0.281596209,0.92599479,0.884791947,0.970447114,1.559209341,1.687608206,1.86415176,2.118090796,2.8704478,2.507518926,2.478475504,2.205569048,2.291696119,2.845629047,2.963405591,2.74872291,2.772783871,1.557022067,1.095937144,0.987554149,0.918387954,0.903645092,0.162101968,0.880776883,0.733357746,0.620513839,0.583296782,0.003319777,0.00661837,0.68002268,1.528559916,1.248174147,1.389762123,1.36079198,1.228209183,1.518032872,2.0299598,2.031750121,2.540769786,2.658011148,2.667690263,2.666794782,1.612646718,1.311898287,1.16210242,1.010321442,1.752958077,2.006024336,2.165075408,4.763374827,7.444779431,8.956132605,12.26298501,11.25058936
New Zealand,1.293904512,1.662048994,1.74632514,0.365640387,-0.091243282,-0.363301014,-0.506956976,0.508373825,1.48502449,1.999996171,2.988049615,3.976150288,3.060220869,3.235287316,2.417786889,1.816437919,2.586202635,2.754036006,2.644015759,2.723004356,2.521004354,1.478745829,1.471943733,1.553921522,1.548274115,2.367936018,2.538529054,2.700271764,2.780259204,2.846980498,3.359861236,3.155139397,3.315884397,3.979242921,3.542676786,2.63465666,2.535478112,1.999998286,1.787488542,3.184074444,3.366341054,4.019609272,5.07317605,3.375129656,2.969350703,1.885012528,1.671298607,1.95894661,2.046496085,1.665125755,1.461190545,4.025621018,4.466741927,5.277522803,4.5904597,1.84696847,1.570670692,0.950738096,0.774521789,0.949906486,0.859116365,0.684932992,1.366356719,1.625325744,1.533209968,1.615640668,1.010949079,0.757571052,0.251679718,0.418409757,0.417013913,0.08354618,0.418409757,0.416666292,0.415292187,1.335562282,2.166668957,1.74274125,1.902399104,1.594395742,1.099999987,1.500000031,1.901295038,1.888667978,1.483679556,1.67487681,1.464843781,1.853658523,2.534112989,1.453488402,1.443695804,1.43678164,1.520912546,3.342884414,4.933586373,5.949008521,6.928838964,7.301293918,7.233273043,7.219251293
Norway,2.157238732,2.243436753,2.286803252,2.321174799,2.252463645,2.474323066,2.049371212,2.68518518,2.89123451,2.915717539,3.423094473,3.110910734,3.523639606,3.939796364,2.559576353,2.011368603,1.034037047,0.468483812,1.419965577,2.228889844,4.605543718,2.246714713,1.909206616,1.215932912,-1.426824299,0.829187399,1.207327225,1.24275062,0.992555825,1.521381582,1.768819412,1.84124386,2.252252257,2.389631426,2.223120457,2.450783456,1.001201437,0.316455691,0.158165285,1.37254901,3.528945287,3.233438487,4.69798657,3.558994205,2.451168134,3.132161956,1.809954751,1.419499433,2.953271027,2.592592606,1.851851853,2.283609554,1.379811167,1.444043346,1.490909096,0.828231959,0.823782289,0.391459062,0.358294524,1.214285656,1.243339177,1.949663175,2.998928926,2.293578021,2.105263195,1.877607841,2.149046792,2.035184505,1.958762882,2.218430072,2.002036022,2.501690393,3.16818333,3.472454074,3.992015943,3.562005282,2.580855992,2.097450737,1.503518864,1.337579605,2.006369408,2.40202278,3.277655202,3.362665012,2.997190081,2.438271578,1.647848687,1.611432023,1.151864255,1.144923223,1.561092758,1.28665467,2.966736574,2.829907621,3.488028387,4.638109353,3.812572728,5.822711475,6.740931102,6.634669633
Peru,7.744630983,8.108242936,7.161531515,6.023102322,4.185089734,3.162921604,2.783984678,3.769741352,3.871729111,3.446116681,3.711262451,4.001070433,3.685605356,2.589529851,1.465188556,0.223325887,-1.010101019,0.076171554,0.265049865,1.446720764,2.827032461,2.389304385,1.949575388,1.88178213,2.993330074,3.406593409,4.411240406,3.835634062,2.192386671,1.762830531,1.241696147,1.279866131,2.367924824,2.322009947,1.805972895,1.517654971,0.410690013,0.807468333,2.400385514,3.502320815,4.842868669,5.530355189,6.094000177,6.64379294,5.594454808,3.966358634,1.917845489,0.411977497,0.676418646,1.145177931,2.165354376,2.128156337,2.35321373,3.103709342,3.471473786,4.533429138,4.206088727,3.992005876,3.454977907,2.818365031,2.575420657,2.442627782,3.011615773,3.03562141,3.507296055,3.740024968,3.135789172,3.271086984,3.04460629,3.144887247,3.605540322,3.7875317,4.234794436,3.534203903,3.082851691,3.393272327,3.515613636,3.459847258,3.19769948,1.827393838,1.144254891,1.040152103,1.521442295,2.328506684,2.32099176,2.637259294,2.113468593,1.942251524,1.825541254,1.876567156,2.182619684,2.122300229,2.883974066,2.95090641,4.76390893,6.4549987,6.819391914,8.905754405,8.9532553,8.616456866
Philippines,7.399836455,9.340881526,9.964129149,10.17681729,9.059764,5.917159756,4.784342146,4.172610555,2.982768706,3.701572548,3.995811311,4.980925336,5.83296508,5.662862167,5.810928018,4.336734697,3.131524007,3.07436643,2.540983596,2.159739194,2.105263166,2.378073348,2.198241414,2.393298768,2.934179222,3.622047251,5.827141179,6.739384499,7.241910629,7.066869299,6.023651139,6.094890503,6.321839082,6.068133431,5.193447205,4.334365332,3.108108101,2.643024421,2.816434721,3.198153647,5.209698566,8.31160365,10.28037383,8.881789129,6.976019929,4.363526933,2.074810053,3.609154936,3.901018926,3.83506344,3.864872595,3.540073618,4.511067491,4.943071319,4.740904132,4.677242941,3.168813875,2.793703086,3.319686123,2.828387574,2.835921643,2.341137052,2.150893408,3.00429179,3.644123444,3.823529434,4.081632655,2.852564134,1.520430747,0.975763342,-0.062247127,0.280461184,0.592823722,0.96633412,1.432575562,2.019888179,2.884615425,2.840382829,2.671169725,3.015534542,3.868058357,4.735413559,6.504678888,6.10631086,3.850085226,3.061911224,1.351351329,1.373895982,2.526246691,1.860920624,2.308943127,2.871894154,4.032000018,4.006410247,4.100444956,3.575909654,3.352814528,5.454545494,6.534351206,7.9043004
"Poland, Rep. of",13.57241046,12.81484837,11.0627182,9.117769023,6.035168891,6.188795204,7.254902274,9.090915199,10.06407156,9.885660656,10.60329981,9.078007883,6.678087646,6.512246498,4.826445121,3.706121784,3.563397035,2.048531203,1.166816282,0.877733071,0.309982301,0.308833502,0.716956414,1.39838993,1.576023262,3.232758971,4.4258731,4.290524608,3.742014471,2.296450265,1.541199784,1.204825134,0.972941318,1.227744073,1.683751168,1.253115687,2.016806723,2.433333331,1.960132901,3.418519746,4.184514004,4.262935238,4.626914293,3.594351733,3.447185322,4.088639207,4.017440053,3.624535323,3.210027515,2.188905545,2.035928145,2.899850493,3.969194323,4.489436575,4.078638514,4.416037252,4.045583997,3.791070003,3.665069047,2.754590939,1.341730639,0.595238085,1.223823733,0.812347722,0.756552262,0.322754147,-0.241805419,-0.617781424,-1.206757899,-0.750670221,-0.75410717,-0.783783746,-1.004343022,-1.026472169,-0.868385348,0.245164835,2.029064908,1.883187784,1.998357456,2.391304308,1.719967756,1.928743597,2.093397787,1.512738887,1.188903621,2.365308823,2.681388009,2.666666663,4.569190541,3.183568665,3.020993342,2.750190972,2.796504379,4.354317023,5.268389614,7.781908252,9.642943886,13.94849784,16.38338059,17.52126933
Portugal,1.8797954,2.608682901,2.731519145,3.062437245,2.803873663,2.522353424,2.048218473,1.997590082,1.822963138,2.503508068,3.363300574,3.705583765,4.793111716,4.597336429,4.158238717,3.947848522,3.36230609,3.40978037,3.628870432,3.991832259,3.943116257,3.524072153,2.854656152,2.579375705,2.190672037,2.477077219,2.408609295,2.382891973,2.128077466,1.838874317,2.527496854,2.609639748,3.18741832,3.716461268,3.01660812,2.52073235,2.416091042,2.540578959,2.174775597,2.682683282,2.929925421,2.870450428,3.055714299,1.511676847,-0.011185482,-1.103377878,-1.512948577,-0.700972994,0.295907106,0.98554839,1.946226149,2.383069416,3.731101587,3.761715474,3.204563077,3.914377976,3.418266901,2.804198704,2.909170697,1.979725699,0.201905691,0.622686967,0.342031926,-0.068348397,-0.131208612,-0.333065384,-0.535551707,-0.111557138,-0.095184166,0.718135219,0.766902937,0.558076147,0.544140144,0.451400317,0.654662862,0.779086067,1.417384345,1.445206217,1.142736675,1.469049537,0.765573806,0.984234096,1.396816359,0.827164939,0.753880421,0.526063027,-0.17083208,0.25005689,0.407011219,-0.272643571,-0.003538273,-0.173963692,0.412461606,0.767149831,1.493531156,2.385597351,4.291844167,7.977902413,9.095864845,9.88917817
Russian Federation,10.29411765,7.042253521,22.22222222,70.83333333,101.3333333,115.7894737,98.86363636,47.96747967,25.82781457,20.12195122,18.28571429,19.78021978,22.10526316,24.36548223,21.25603865,18.34862385,17.67241379,15.51020408,14.74103586,15.11627907,14.65201465,14.13427562,13.54166667,12.45791246,10.86261981,10.21671827,11.00917431,11.67664671,12.96829971,13.76404494,12.9476584,11.26005362,10.96938776,9.382716049,9.268292683,9.156626506,7.586206897,7.900677201,8.928571429,11.4790287,13.03418803,14.85355649,14.95901639,13.66336634,13.61058601,12.38615665,11.40819964,9.233449477,7.321131448,5.996758509,6.08,8.133971292,9.457364341,9.480122324,8.14479638,6.637168142,3.824362606,3.910614525,6.136680614,6.500691563,7.094133697,7.123655914,6.307490145,6.493506494,6.369426752,7.65370138,7.663782447,9.512195122,16.28742515,15.73426573,15.72904707,14.4766147,8.341915551,7.351460222,6.845238095,5.739299611,4.562737643,4.221388368,3.342618384,2.575896964,2.272727273,2.340234023,2.964959569,3.946188341,5.155555556,5.013192612,4.27574171,3.364969802,2.451394759,3.098827471,3.59832636,4.507512521,5.528052805,6.011372868,6.865912763,8.306709265,11.57154027,16.9348659,14.28571429,11.20943953
Romania,97.43133569,57.04320536,52.76487455,43.72076412,35.42564146,43.25917931,49.45851919,53.06698883,53.68867158,44.47568177,44.93514054,41.63469131,40.0761801,36.81126902,31.81091574,30.62064598,26.94959695,24.30068337,21.35308385,18.41616163,16.66156672,14.78522211,14.96181026,14.78777125,13.56721312,12.28686379,11.85967092,9.96968076,8.845776317,9.901609517,8.881487651,8.460374098,8.599013304,7.089629471,5.898547026,4.774958872,3.824736226,3.798202375,4.992297328,6.693306698,7.955775112,8.561452524,8.115915447,6.812912425,6.763706097,6.085166594,4.991729928,4.562531312,4.628949299,4.353625999,7.489093589,7.856601054,7.537453209,8.23164832,4.186396036,3.375652373,2.568567647,1.87544736,4.068676933,4.82294391,5.627475986,5.329539034,3.309995885,1.755704314,1.051468337,0.937260273,1.110477373,1.174890892,0.532862403,0.083937154,-1.75775531,-1.239875379,-2.59347032,-2.484204744,-0.514207086,-0.545252676,0.145511187,0.700863325,1.446224949,3.0603972,4.656349215,5.339250948,4.885884474,3.644706678,3.729174798,4.015320742,3.831918819,3.734741641,3.230927218,2.510126467,2.645730257,2.149193648,3.066485763,3.646051601,5.496347758,7.97719955,9.013515893,14.44085023,15.38592507,16.14659628
"Serbia, Rep. of",12.84143313,24.06435816,36.75847458,46.28687691,43.19396417,37.44009024,38.49728889,49.58275381,47.24478596,53.12820512,65.64131252,106.121184,119.1292679,132.5117214,112.5942599,50.04135026,37.25930459,18.6034453,14.58520832,11.82041391,12.07554653,11.99844553,8.039179454,7.711955551,8.585076727,10.29666897,12.21347931,12.86766235,15.92668025,16.43727882,15.47256098,16.62366384,14.61700632,14.15062479,11.45214521,7.11125157,4.921163915,3.6361199,6.670126622,10.27797594,12.52446184,14.62715106,12.02355128,10.60334527,10.05797101,8.757297746,7.93914246,5.86011342,4.450882282,4.013292434,6.458226538,9.59183676,12.63237513,13.5905628,10.64034663,7.914338944,4.656368989,4.110774517,8.13751089,12.31665227,12.14973265,10.39069,6.881287778,1.978106367,2.670226968,1.788403558,1.882530131,1.996233535,0.891696021,1.738487155,1.533628913,1.403249632,1.454612451,0.508998424,1.00090995,1.529497405,3.067150632,3.653463526,2.954954963,2.851506475,1.584786012,1.832140987,2.380118956,2.040104625,2.40942977,2.244688104,1.33333336,1.418318539,1.777251184,0.988771585,1.939945999,1.600673987,1.380342537,3.219382693,4.434883332,7.296849045,8.710629923,10.64308685,13.29424819,15.06955179
Singapore,1.154261918,0.122082309,-0.863770256,-1.455886063,-0.73138298,-0.033422453,0.301204816,0.536732635,1.105157397,0.835840848,1.501501509,2.002002,1.689301094,1.690981434,0.821827737,-0.196270848,-0.846905535,-0.423866964,-0.423866964,0.131104552,0.689881731,0.196463648,0.491159126,0.654664488,1.253983971,1.861124321,1.901178574,1.634725748,0.23450586,0.050447015,0.457519087,1.115891603,1.357157827,1.182578847,0.728967591,0.590594335,-0.130538175,1.139915113,3.143296198,4.246200126,6.634226729,7.548117433,6.58607129,5.77640414,3.358522921,0.18402723,-0.313523693,-0.741329198,0.920178166,3.051610741,3.355815127,3.966627188,5.180243904,4.724575442,5.53951328,5.536675294,4.88344482,5.257782876,4.195271873,3.992300062,3.992321966,1.622623602,1.834672652,2.012926746,0.992893856,2.156215194,1.013833664,-0.040248995,-0.323024378,-0.417719045,-0.625443926,-0.72477388,-0.841913738,-0.922029447,-0.385988407,0.024335516,0.625196913,0.773414576,0.447383326,0.45989681,0.243005194,0.327138704,0.698070936,0.486382227,0.495912149,0.782102687,0.352303516,0.631311916,0.368845893,-0.707726377,-0.273051884,-0.114426751,0.75828179,2.292343468,2.485925587,3.684166681,4.574917265,5.902769816,7.332332997,6.645297224
Slovak Rep.,7.354323012,7.327590165,6.126187353,5.891146278,6.879525502,6.970731012,14.27340693,14.06382595,15.5350423,15.79512385,8.846445171,8.516962456,7.146203115,7.73508157,7.758003406,6.684889687,4.348127994,2.806549514,2.476161894,2.905642984,7.609365376,7.935049011,9.129901954,9.531059687,8.3309476,8.146466087,7.439640645,6.310814562,2.77484144,2.519685034,2.090410251,3.451882847,4.319876572,4.633896571,4.914256464,4.069767436,2.809958107,2.495718127,2.464015608,3.254797188,4.027811074,4.487944621,5.071428571,4.798870857,2.926941694,1.91912268,1.200997061,0.448933779,0.537393635,1.120824909,1.07478732,1.094972026,3.318485496,3.879405918,3.965440757,4.509283875,3.815477537,3.499786579,3.64372473,3.468697104,2.18023255,1.628866003,1.29523024,0.511038472,-0.08128428,-0.060864241,-0.121777895,-0.040675248,-0.406752118,-0.101502241,-0.304816119,-0.488301141,-0.530937279,-0.690916519,-0.754178564,-0.102228592,0.923834925,0.96173524,1.540357398,1.821530945,2.339300253,2.796919346,2.730582475,2.190954755,2.385211705,2.5236593,2.854892754,2.891424084,2.756746262,1.942307696,1.531393521,1.529344334,0.982429568,2.225995074,3.883861235,5.498022948,9.272217026,12.51153349,13.95644282,15.20613957
"Slovenia, Rep. of",9.128115086,8.555541877,7.401633502,6.561975361,5.56440413,4.370096959,6.791451435,7.859877406,8.414263578,9.3405449,8.666020845,9.213297281,8.613514413,9.34714914,8.35349816,7.259929095,8.051424252,7.600530275,7.233712006,7.065529785,6.317655832,5.589778679,5.459978272,4.840946721,3.695251475,3.742437348,3.584614065,3.35424402,2.624005421,2.232775131,2.490778735,2.460877821,2.144506764,2.921522287,2.563687826,2.200282079,2.402293281,3.072172301,3.650843708,5.472970316,6.584394582,6.610332243,6.12400153,3.353396383,1.808900237,0.698947976,-0.240143377,1.121319546,1.380713612,2.046511653,2.087450113,1.684790408,1.71672283,1.731996362,1.295136285,2.46596546,2.512244119,2.446925771,2.849002767,2.581708331,2.347563017,1.547466869,2.104587538,1.094377479,0.510461148,0.632743707,-0.244830401,-0.096004246,-0.397607683,-0.655100923,-0.457696292,-0.589833643,-0.721234455,-0.241898073,0.156598873,0.583333344,1.80435881,1.398438804,1.194278066,1.325600634,1.301072055,1.8803643,1.893553409,1.874080097,1.326955178,1.649517619,1.990643611,1.550661414,1.503589213,-0.920507339,-0.066430503,-0.701843112,-0.535185244,1.870889497,2.168339141,4.161227684,6.005188468,8.505703824,10.66736892,10.04401509
South Africa,5.494963176,5.12106902,7.73738165,9.080313507,8.464176223,7.288527134,3.336968987,1.95660398,2.78955496,4.927854519,6.598792008,7.013245408,7.420118237,6.407231488,4.774460929,4.303891137,5.768639799,7.832203565,10.71723998,13.56936139,11.40297771,8.284889049,4.38473305,-0.728544995,-1.761429956,-1.719969023,-0.88240606,1.650230653,1.933484865,1.860972949,2.395892059,2.059876431,2.046769179,2.540842969,3.762178032,4.604124448,5.139412881,6.013768547,6.282335721,7.232644506,8.951431841,9.916756809,11.27437692,10.10882235,8.84955753,8.151093441,6.282051289,5.717916136,5.378361475,4.166666667,3.377563281,3.485576962,3.67952526,4.647058778,5.425904335,6.213704919,6.182026326,5.902192324,5.201992242,5.631492655,5.876010752,5.573248389,6.259863225,5.434782592,5.804480678,6.63650078,6.386138629,5.694648974,4.282964327,4.526166846,4.513727319,4.830469122,6.506691344,6.495263869,6.41139804,6.867523256,6.499133395,5.209656912,4.560669507,4.519071361,3.946297806,4.307568457,4.921968773,4.87901625,4.148728021,4.438440759,4.15713194,3.744326744,4.321683579,2.328159676,3.039179783,3.171709858,3.097982714,4.947634519,4.939587798,5.441696063,5.835080337,6.675843087,7.924144934,7.674262756
Spain,1.845561318,2.015125855,1.984340116,1.495865292,1.871176092,2.256742696,2.395138708,2.713032824,2.919425518,3.177290416,3.626440211,3.998555671,3.790077013,4.137408192,3.642649188,2.806838812,2.503151591,3.425095181,2.386247817,3.939227438,3.753255138,2.859226913,2.908334031,2.654683432,2.193055169,3.202051058,3.30855222,3.438600281,3.259547012,3.220307626,3.436735237,3.553822475,4.016845958,3.945139307,3.533138094,2.59352082,2.422599747,2.387266815,2.36549222,3.958884874,4.381987027,4.600659986,4.90483163,2.453338166,0.467407089,-0.675041112,-1.068610386,0.143298953,1.092573858,1.589660089,1.953732083,2.551137845,3.484957417,3.492749669,3.065080169,2.753275101,1.956933284,1.966412774,2.758526599,3.090527842,2.621054805,1.723293826,1.207816198,0.128192871,0.011419807,0.219415457,-0.329471149,-0.50365041,-1.018744167,-0.253894039,-0.411332331,-0.321514868,-0.65791372,-0.945233112,-0.184006059,0.974057143,2.743434501,1.997498199,1.653738595,1.448576055,0.953635606,1.801751232,2.2314402,1.709790444,1.136001847,0.917630145,0.312409539,0.440997803,0.602267951,-0.658260483,-0.50303711,-0.718742348,0.593160618,2.559850576,3.39722401,5.811760406,7.86080531,9.099065098,10.05941049,6.589826875
Sweden,0.548734388,0.134467689,-0.625523956,-1.111752259,-0.063518402,0.189809664,0.664503566,1.059415438,0.804213043,0.857036082,0.848353573,1.085519983,1.518387936,2.724322105,2.836870363,2.537413844,2.670672036,1.980345819,1.841146712,2.151522659,2.985148336,1.862603987,1.585693361,1.285780071,0.052745781,0.405944268,0.558766628,0.477392641,0.264787988,0.295773301,0.524592507,0.726380718,0.781511392,1.52207002,1.590528164,1.542772025,1.945742138,1.810813341,1.941236354,3.142281686,3.236836902,3.794206302,4.283746502,2.448302274,0.789752372,-0.580802488,-1.416589574,-0.741507867,0.684081689,0.927577604,1.125439627,1.890373891,2.612267596,3.254241746,3.316661727,2.663659808,1.762452913,1.115818315,0.62194768,0.070036943,-0.056348797,-0.276140748,0.09027281,0.065746152,-0.347857597,0.008487496,-0.16658887,-0.213004921,0.010674993,-0.202622466,-0.0605822,0.0658433,0.651104188,0.814261288,1.033712684,1.435924609,1.478307889,1.777749707,2.154691422,1.765050555,1.696084318,1.898989852,2.123669524,2.09119417,1.873317337,2.028304787,1.517505753,1.721064656,0.99155707,0.111606032,0.573478859,0.319776629,1.542149426,1.799631681,1.981401543,3.318826471,4.650613853,7.436957929,9.723245031,11.55653616
Switzerland,0.00376819,0.053511547,0.092152395,-0.077589293,0.276018437,0.581210398,0.9662702,1.402892669,1.563958156,1.607335881,1.483809333,1.579184244,1.016693324,1.504251988,1.025490656,0.413834101,0.561760389,0.689404985,0.305355061,1.01442131,1.044932716,0.544635583,0.446065456,0.51996094,0.055151554,0.865790303,0.908133052,1.380610835,1.352147286,1.05907324,1.182121382,1.097029483,1.234239853,1.327459351,1.222846346,0.458855927,0.08777665,0.524277227,0.634336177,1.679461142,2.473982147,2.684124644,2.97447885,1.581498933,-0.016385288,-0.749882407,-0.970235138,-0.177938187,1.118503977,0.988082726,0.331641769,0.31810657,0.597971309,0.397107052,0.383366887,-0.451266002,-0.876037779,-1.018959351,-0.526294706,-0.343865537,-0.373648274,-0.423504612,-0.034274737,-0.036442889,-0.028027793,0.102815751,0.005251979,-0.133078227,-0.733428598,-1.113939111,-1.374063201,-1.353651665,-0.98539677,-0.388694291,-0.175854631,-0.186168057,0.521074153,0.371355722,0.481323746,0.762147007,0.721259826,0.983043065,1.133490374,0.906758843,0.622795359,0.647432059,0.2593236,-0.076527389,-0.126141709,-1.220926578,-0.862000552,-0.689604568,-0.43109826,0.494460053,0.834254764,1.435083575,2.062541079,2.958963733,3.379308752,2.932198411
Thailand,8.897922313,10.29082774,8.090474125,4.87701442,2.530070509,-0.44624746,-0.925553315,0.04043672,0.93042072,1.629991847,2.112103976,1.697655608,1.402805605,2.485966321,1.630867144,0.993640701,0.592885371,0.352112666,0.352250492,1.495474226,2.003929279,1.676413262,1.911076442,1.628538196,1.926040064,2.684049081,3.291236127,3.128576879,2.834467111,3.659447348,5.631715451,5.993340726,5.696435144,6.087896256,3.612767451,3.246073306,2.468706529,1.90152801,1.658767772,2.941176462,5.02205633,7.497500832,7.25940725,2.134646971,-0.296349781,-2.782083071,-2.213726371,1.924909439,3.779956432,3.186890074,3.290700449,2.888011374,3.016095212,4.103043492,4.133085331,3.971689686,3.389715347,2.517794183,2.933783155,3.22516686,3.097897453,2.313207684,1.67089747,1.680645384,2.001083405,2.473363784,2.000568816,1.111355961,-0.502952104,-1.126377049,-1.103055043,-0.86561216,-0.496075377,0.303580429,0.256908355,0.687857266,1.251274314,0.096882522,0.449466984,0.871045529,0.629409976,1.315484272,1.470227192,0.841551642,0.743983952,1.082548423,0.607549639,0.394445184,0.414991959,-2.666062708,-0.725623587,-0.392895427,-0.530106304,2.353073743,0.703855774,2.419045143,4.741755592,6.464195285,7.290869785,5.805861404
Turkiye,99.27363809,91.79331656,82.295714,72.9122388,64.42187443,63.69996422,64.87749721,66.06178852,68.82716362,61.6523144,52.65752159,42.31554414,35.630601,52.29092828,58.59325722,67.45192029,70.32739596,47.0445507,39.45757413,31.60961412,26.53236461,25.86128232,21.06996517,14.21423346,9.477033748,7.418546361,8.083991229,9.417112653,8.621888032,8.610981498,7.909032315,7.616606257,8.080044211,9.60673674,10.83048919,9.829153441,10.31782341,9.506885837,7.139191144,8.164231935,8.811260467,10.33766853,11.6502994,10.92903732,8.366775024,5.696736376,5.333161704,5.7114957,9.291019296,9.21814573,8.382892058,7.429245242,4.344287119,5.888414267,6.372143698,9.195023872,10.49108355,9.418071848,9.04481779,6.770431897,7.207828454,6.977458616,8.309167759,7.475638276,8.009679058,9.400365834,9.236268999,8.760275046,7.466749844,7.735989818,7.301009168,8.163402274,8.598532788,6.927861481,8.036956268,7.565903837,10.21273499,11.49597609,10.55503712,12.26634975,10.2794466,12.79447519,19.43865722,22.36816411,19.91103559,17.95033187,13.52613357,10.30630841,12.12580964,11.65203191,11.76090521,13.50982991,15.59347236,17.08753049,19.26423104,25.84838707,54.79904035,74.06995086,81.10272991,77.37286192
United Kingdom,1.875901875,2.049571029,1.660341546,1.698914575,1.983002826,1.868285849,1.633224455,1.531322504,1.111111115,1.054562116,1.193755735,1.371115178,1.236263734,1.769509994,1.769509994,1.352569887,1.763907733,1.292911269,1.382077569,1.645907468,1.511111112,1.364436626,1.319261218,1.312910289,1.357267957,1.346070337,1.345486105,1.511879041,1.771058307,1.928020566,2.398286938,2.255319154,2.122241086,2.437999163,2.551233792,2.704952138,2.784704915,2.544111613,1.95758565,2.26904376,2.547513133,3.361344537,4.479999999,3.684627581,2.957413253,2.013162991,1.301684533,1.604891091,2.336269627,2.542694496,2.343159486,2.745392995,3.555389221,3.737971892,4.098966034,4.026354316,3.108059283,2.533000295,2.234834992,2.427867711,2.453557682,2.366040364,2.394170728,1.958089977,1.642148445,1.631543229,1.491020011,1.044474453,0.403904447,0.367892913,0.333889832,0.366788866,0.703989225,0.766411261,1.031613945,1.528239241,2.163781594,2.579365096,2.700922326,2.781413614,2.476376667,2.28884585,2.309172501,2.101241623,1.812400698,1.922470864,1.786833832,1.434362368,1.655215511,0.803957952,0.769941563,0.737780496,0.890936971,2.085889571,2.658924142,4.424778768,5.511571282,7.932692316,8.752604995,9.409701922
United States,1.462293703,1.602163957,1.595854917,1.548307188,1.667696114,2.109359009,2.34598123,2.622484238,3.240178215,3.329322096,3.508072559,3.42709984,3.393487641,3.377329194,2.695936833,1.857881637,1.252134314,1.295531357,1.593849618,2.200075219,2.866779091,2.131603335,2.196382424,1.89512419,1.785063748,2.867513612,2.727108539,3.322499097,3.042233361,2.946365558,3.832630104,3.739951063,3.647099687,4.010282782,3.33559093,1.937331535,2.424095178,2.650683801,2.360478449,3.974384409,4.095428023,4.37938513,5.302814423,1.601687355,-0.040232534,-1.150445202,-1.623360322,1.443933754,2.360524803,1.76776516,1.175608931,1.270248141,2.141127008,3.430395397,3.756173983,3.293776485,2.815192157,1.889765206,1.697784387,1.889365432,1.681828853,1.392849757,1.553358685,1.233471082,1.40545638,2.050845482,1.783153853,1.248027657,-0.062695928,-0.038272017,0.109503474,0.466264607,1.080267098,1.047063189,1.117615394,1.800620777,2.53932055,1.901991359,1.966925069,2.11755744,2.214194456,2.711887011,2.640939659,2.203131437,1.644936043,1.8113756,1.757488491,2.032913781,2.118651887,0.364295651,1.222385619,1.239488439,1.898513589,4.84894496,5.335692694,6.689105325,7.966706955,8.63561258,8.329475717,7.10167173
