Country,Scale,Base Year,1998Q1,1998Q2,1998Q3,1998Q4,1999Q1,1999Q2,1999Q3,1999Q4,2000Q1,2000Q2,2000Q3,2000Q4,2001Q1,2001Q2,2001Q3,2001Q4,2002Q1,2002Q2,2002Q3,2002Q4,2003Q1,2003Q2,2003Q3,2003Q4,2004Q1,2004Q2,2004Q3,2004Q4,2005Q1,2005Q2,2005Q3,2005Q4,2006Q1,2006Q2,2006Q3,2006Q4,2007Q1,2007Q2,2007Q3,2007Q4,2008Q1,2008Q2,2008Q3,2008Q4,2009Q1,2009Q2,2009Q3,2009Q4,2010Q1,2010Q2,2010Q3,2010Q4,2011Q1,2011Q2,2011Q3,2011Q4,2012Q1,2012Q2,2012Q3,2012Q4,2013Q1,2013Q2,2013Q3,2013Q4,2014Q1,2014Q2,2014Q3,2014Q4,2015Q1,2015Q2,2015Q3,2015Q4,2016Q1,2016Q2,2016Q3,2016Q4,2017Q1,2017Q2,2017Q3,2017Q4,2018Q1,2018Q2,2018Q3,2018Q4,2019Q1,2019Q2,2019Q3,2019Q4,2020Q1,2020Q2,2020Q3,2020Q4,2021Q1,2021Q2,2021Q3,2021Q4,2022Q1,2022Q2,2022Q3,2022Q4
Argentina,Millions,2010,126840.5845,129245.7352,133953.503,130521.8523,124051.6629,122397.8263,127294.1577,129414.5133,124154.5975,121345.0241,126702.4905,127108.7428,121862.9444,120497.5234,120682.4259,114167.2,101942.3622,103531.9087,109215.4434,110905.3036,107227.7813,110720.9553,120806.3685,124814.9018,118848.618,117601.089,123489.295,125176.193,128804.702,131644.922,132549.316,135057.003,138564.556,140379.522,144260.218,147345.108,150784.923,154091.283,156132.118,160934.18,162426.518,163326.185,164541.194,156882.263,151113.182,147734.968,153541.48,156483.247,161173.754,168396.078,169339.868,171613.98,175639.454,177413.996,178854.134,178874.013,176940.838,170991.139,176292.794,179261.219,179230.282,180313.255,181298.112,179565.456,176892.193,175823.113,174309.955,175280.786,177853.146,181954.949,181871.808,179807.244,178204.083,175304.477,175962.188,177007.101,178556.93,180495.077,182780.013,184557.928,183881.916,175615.229,175191.101,172689.198,172756.92,174267.898,174403.689,171795.297,164225.085,140209.991,156231.537,163924.674,169599.897,169232.145,174183.35,178519.651,179637.825,182107.428,183570.146,180494.68
Australia,Millions,2020,274460,277018,282291,286568,288660,289598,292953,297924,299120,301871,302709,301586,304709,307195,310801,314584,316953,322431,323398,326035,326650,328039,333753,339286,341883,344189,346827,349420,352071,353655,357640,360399,360765,361593,366976,371682,376824,379333,383600,385175,389049,390329,392971,391351,394964,397825,399166,402222,403958,406564,409339,412790,411551,416777,422465,426994,431139,434261,436763,438844,440891,442584,446148,449737,453233,455330,457317,459019,463294,463663,468359,471247,475521,478498,478840,483965,485563,488473,493017,495418,500335,503912,506123,507346,510216,512265,515898,518640,517562,482814,501105,517892,528922,532500,521416,541672,545026,548968,552670,556278
Austria,Millions,2010,58441.17649,59075.31551,59522.92076,59720.43968,60089.64831,60871.50897,61887.47603,62085.17895,62690.13373,63145.56762,63505.96101,64369.81323,64236.14421,64050.06135,64096.93822,64389.89377,65072.8718,65341.09949,65551.58712,65269.49129,65756.577,65805.33527,66021.23494,66126.90764,66786.69086,67343.58469,68070.57162,68258.82076,68159.77388,69068.33358,69508.81585,70120.26515,70915.38727,71129.25244,71992.61739,72695.42922,73421.71722,74193.06628,74464.0994,75126.54824,75667.25792,76303.0317,75751.48165,74092.30011,72795.43489,72175.06278,72532.75878,72926.68162,72576.01634,73540.40115,74294.59865,75125.06584,75715.36274,75968.20502,76448.54634,76399.7709,77061.31335,76705.05994,76514.27212,76452.22005,76428.98144,76455.08666,76736.52296,77083.61355,76908.43683,77386.4903,77403.18866,77467.04432,77623.1451,77803.16012,78336.41876,78465.31984,79073.25527,79205.24084,79637.78148,80482.3257,80682.90179,81188.7538,81724.52277,82281.20892,82827.13206,83013.64521,83356.69178,84445.16231,84921.06893,84482.57365,84784.2121,84302.60665,82218.34422,72970.53051,81159.68966,79379.4583,78343.31316,81528.74467,84917.04227,84693.03248,85277.10848,86969.03855,86598.4657,86561.08543
Belgium,Millions,2010,71011.35882,71247.48698,71455.72598,71615.62378,72363.98269,73354.04759,74419.4132,75300.7104,75836.18212,76381.87986,76736.07209,77486.29028,77529.98328,77543.92786,77396.11535,77318.95537,77983.64682,78651.12719,79072.25339,79367.8784,79158.70976,79327.90395,79652.34775,80206.41224,81408.43469,82191.19022,82907.94143,83203.56644,83641.42612,84142.50122,84475.31177,85123.26973,85646.65615,85950.64791,86707.37357,87691.86063,88934.78717,89341.03916,90030.83085,90396.17874,90786.62687,90844.26445,90313.44092,88354.69281,87494.77729,87536.61102,88642.88072,89354.05409,89817.01402,90702.02977,91080.3926,91540.56361,91981.21221,92171.78808,92435.80539,92705.40052,92904.34314,92903.4135,93129.31564,93086.55227,92830.90171,93372.8809,93661.99844,93866.51889,94269.98195,94520.05468,95172.66084,95670.01738,96167.37393,96813.47261,96998.47066,97402.86336,97458.64166,97994.11338,98166.09649,98669.9605,99313.27027,99553.11698,99488.97193,100286.6017,100660.3163,101115.8391,101510.9354,102502.8596,102770.5955,103325.5896,104084.1745,104703.3137,101760.0785,90171.20625,100767.2247,100357.2542,102175.6269,104144.601,106429.6522,107234.7191,107360.2203,108108.5792,108446.9676,108710.0552
Bolivia,Millions,2010,5389.681274,5421.561714,5464.665564,5431.224423,5436.300298,5365.973245,5453.324417,5537.333774,5580.988447,5605.571099,5531.850939,5618.1823,5617.037174,5630.54285,5685.67098,5787.875721,5721.217055,5824.233779,5895.797549,5855.262254,5913.66028,6001.526525,5944.647499,6067.770787,6164.480804,6227.834825,6293.463271,6239.298413,6435.141858,6492.620889,6510.926259,6573.582355,6733.491628,6767.880539,6848.553201,6902.181377,6934.355758,7063.15373,7181.422831,7305.008316,7420.280074,7572.704224,7658.941527,7589.638206,7659.084338,7769.067691,7920.335241,7910.803598,7911.073325,8100.656547,8210.903347,8320.316148,8395.619039,8488.128169,8640.559121,8724.733346,8806.803455,8901.371217,9035.273089,9259.947454,9399.669913,9568.845311,9686.140714,9800.80692,9941.275539,10066.3528,10255.48704,10295.95626,10408.67921,10630.59405,10648.87053,10832.37871,10957.05896,11020.10693,11162.64687,11198.82527,11320.3243,11487.3078,11652.6882,11715.67378,11853.47764,12141.83735,12157.64678,11980.68365,12172.02454,12594.52094,12502.73719,11972.38538,12112.93711,9597.157314,11205.56469,11976.73037,11974.26221,11907.78414,11855.93082,11962.08494,12412.63325,12486.75455,12373.53332,12114.45519
Brazil,Millions,1995,185509.6,188514,188363.3,186471.1,186771.6,187534.5,187737.9,190318.3,192384,194945.6,197613.9,199859.4,200338.1,199593.3,198720.9,197778,202789.1,203550.2,206079.3,208093.8,207427.2,205712.7,207397.7,209563.8,212705,218449.6,221075.5,222929.3,224808.1,227357.8,225837.8,229040.5,232338.4,233303.9,237088,240117.7,244330.8,248570.9,251058.1,254804.5,258207.2,263481.8,267392.1,257467.7,254045.5,258481.8,264568.1,271228,277076.8,280519.8,283004.6,286880.3,291091.8,293667.3,293195.4,295890.5,291836.6,296813.7,301975.2,302161.7,303634.1,308056.3,309313.6,309869.4,312204.5,308084.7,307796.8,309138.1,306628.3,299652.3,294990.2,292128.7,288095.6,288998.4,287604,287231.3,290027.2,292294.8,293413,294936.7,296297.3,296372.6,299196.4,298243.2,299065.7,301140.9,301179.6,303216.3,296349.7,270773.2,292269.3,302228.7,304818.3,304244.4,305503.4,308978.9,311913.8,315147.2,316560.9,316848
Bulgaria,Millions,2010,12936.13876,12091.002,12184.70547,12004.00842,11724.89996,11415.20344,11319.32315,10703.62412,11784.18357,11893.78094,11993.64879,12102.32861,12198.02931,12317.10563,12478.52021,12644.55103,12842.87698,13041.841,13235.23161,13371.44303,13559.30373,13694.56311,13857.71345,14134.38824,14311.19133,14591.06301,14893.95246,15103.53115,15417.89263,15634.56407,15840.02028,16101.45206,16353.20597,16637.49497,16986.84353,17265.84282,17514.79433,17853.44491,18083.79552,18468.8421,18770.27141,18993.41052,19209.86222,19308.13628,18456.1659,18473.11949,18633.41036,18057.26124,18318.61253,18620.86857,18764.36721,18950.25995,18960.86808,19143.24472,19161.96037,19143.94159,19269.38308,19221.11874,19175.82332,19115.07903,19064.11263,19028.99477,19105.42087,19137.58252,19127.84862,19248.3077,19324.94003,19498.37218,19693.16463,19834.4983,20049.00741,20176.00146,20334.42175,20487.73066,20588.1565,20781.64654,20905.25153,21049.14325,21192.23422,21320.94672,21421.95455,21608.5611,21830.13671,22024.26536,22299.35273,22548.95312,22591.22932,22854.90278,21990.95916,20923.4509,21676.58222,22068.42257,22667.73904,22976.06496,23426.17395,23784.97741,23941.98589,24132.16309,24271.75739,24431.76396
Canada,Millions,2012,324449.5,324622.8,327577.5,332034.8,338057.3,340885.3,346219,351089.3,356705.8,360945.5,364616.3,365240.5,367175,368164.5,367919.3,370159.3,375653.3,377867.3,381137.5,383228.5,385349,384780.8,386218.5,388883.3,391684.3,396336.8,401015.3,403896.3,405294,408234.5,413179.8,417265,420649,420866.3,422041.5,423723.8,426434,430565.8,432373.5,432864.8,433196.5,434763.3,438328.5,433246,423456,418835,420719.5,425625.8,430760.3,433014.3,436083,440956.3,444287,445152.5,451294,454848,455139.5,456624,457246,458191.5,462301.5,464984.5,468774,473698.8,474473,478806.5,483398.5,486743.5,484068.8,482751.3,484458.8,484821.5,487480.8,485083.8,490086,492837.8,498194.5,503291.3,505414.5,508032.5,512479,516502.5,520067,521839.8,522209,527369,529341.5,531071.8,519768.8,462967,504717,515470,522217,519143.3,526571.5,535373.5,538812.5,543645.5,546681,546477.5
Chile,Millions,2018,22825628.9,23212833.2,23056914,22310621.5,22314903.8,22375787.1,22847809.5,23449635.2,23671182.8,23723660.4,24092776.8,24375535.9,24545366.8,24783147.2,24724883.2,24879314.9,25087662.9,25291740.6,25567252.9,25938818,26307422.3,26585932.8,26761193.9,26906406.2,27473126.5,28001274,28734395.4,29200542.3,29233578,29719078.1,30441643.5,30807653,31086268.5,31731555.1,32163532.9,32850170.1,33187233,33524647.9,33616815.6,34248724.4,34970442.9,35004965.9,34719712.8,34440898.1,34273389.8,34073795.7,34481452.1,34905582.4,35018501.5,36206825.5,37056738,37497663.3,37934756.9,38479805.1,38726610.3,39568859.2,40382123.5,41130619.5,41450259.7,41696323.5,42021018.3,42380905.4,42655073.7,42774662.8,42909570.4,43255250.6,43070684.8,43530574.1,43819480.1,44225300.2,44077774.7,44357143.8,44876725.2,44664485,44965264.2,44884149.8,44606931.5,45193923.2,46067759,46376089.9,46826760,47506997.6,47341368.4,47904242.5,47686223.5,48336249,48394541.8,46426319.9,47619913.5,41421690.2,43359585.7,46235805.7,48202454.6,48846135.3,50894113,52029469.6,51618322.4,51532573.8,50897764.8,50917546.8
China,Millions,2021,361412,355395,349722,346597,350231,357953,365110,375254,386363,386925,391715,394554,393245,392675,392375,390008,390286,396258,402487,405254,404920,395072,419307,423712,435816,443680,448728,457730,462663,477118,486132,491990,502867,507933,516948,525034,532124,540807,551330,561230,568895,562248,555988,544864,526165,544871,547688,558385,568872,578683,583705,593189,609452,607078,608353,611482,612580,616299,621052,627860,633117,635953,639787,645784,651657,650634,660208,662711,666917,671059,674676,675244,673352,683251,691000,698766,702891,709302,715245,723186,733560,732741,733933,731545,736800,732540,708042,705365,671201,662192,679426,681258,727853,710970,716201,712598,700096,701072,683269,683497
Costa Rica,Millions,2017,3898387.6,3897977.9,3925474.7,4027453.6,4010676.2,4089183.4,4126523.9,4194987.6,4232323.4,4238202.3,4275531.5,4311581.3,4373964.3,4382125,4437830.9,4458656.5,4480792.3,4563102.2,4599240.3,4616803.1,4675285.9,4732909.1,4793458.4,4844728.3,4895400.5,4962029.2,4982722.3,5049201.1,5071137.3,5121266,5207568.8,5283582.7,5349173.5,5482891.4,5601743.3,5768330.5,5832664.8,5984928.1,6052117.6,6164495.3,6295743.5,6290158.1,6324702.8,6257123.8,6102092,6193729.3,6270875.5,6369964.7,6447038,6525040.6,6630747.8,6672877.8,6708713.6,6863334.4,6885881.1,6976893.3,7122791.6,7156365.5,7199274.3,7288933.2,7309451.7,7287998.6,7424003.3,7467824.6,7562856.2,7587180.5,7650826.4,7730037,7746070.6,7915226.2,8015047.3,7974718.1,8172291,8144866.7,8285626.4,8371223,8413684.7,8598572.1,8593657.1,8739833.5,8777963.3,8871514.3,8826189.7,8767728.9,8903749.6,9030052.8,9047986.2,9099234.2,9056675.7,8339009.1,8433120.3,8695397.4,9020597.8,9197730,9487668.3,9526011.4,9586227.8,9623872.2,9730285.1,9899428.5
"Croatia, Rep. of",Millions,2010,8239.638968,8356.312394,8502.64545,8526.099097,8273.253212,8427.791055,8328.496264,8343.155709,8596.543867,8514.145658,8599.490307,8651.679879,8740.769295,8833.462868,8893.141566,8947.204142,9139.128273,9269.824137,9456.887594,9583.385931,9716.535749,9866.025301,9931.277089,10030.61535,10189.48386,10217.51134,10300.51945,10492.92238,10346.02876,10751.88328,10860.71085,10979.14759,11029.887,11207.70846,11375.54285,11508.33134,11759.81239,11865.78829,11900.54323,11875.25116,12210.91873,12256.76491,12075.80463,11804.86482,11238.6385,11260.92656,11121.69445,11243.37723,11129.40454,10998.37958,11149.22489,11032.70192,10992.63408,11163.56006,11106.69791,11027.83777,10905.32923,10806.06256,10837.9601,10745.26436,10769.68529,10826.72884,10788.58334,10736.42515,10683.01074,10758.30228,10717.23256,10784.39657,10887.51409,10952.9994,11153.17831,10994.42667,11377.82192,11315.83304,11373.27705,11528.94728,11690.20173,11713.14842,11841.3928,11867.9873,11908.91075,12127.33152,12163.75,12234.25528,12488.25588,12563.99425,12561.40617,12490.40224,12322.79311,10537.09639,11115.28723,12026.6354,12805.49396,12777.91525,13090.36842,13440.17646,13794.13649,13917.88393,13845.4002,13890.23498
Cyprus,Millions,2010,3066.2,3115.9,3177.5,3197.2,3241.2,3269.7,3303.2,3370.3,3401.7,3533.2,3494.3,3541.7,3536.6,3596.8,3692.5,3696.9,3697.4,3776.7,3750.3,3839.2,3820.5,3812.3,3884.9,3941.1,3991.9,4027.6,4077.6,4138.7,4186.5,4228.5,4276.9,4331.8,4366.9,4456.6,4469.8,4532.9,4608.9,4653.6,4685.8,4786.6,4835,4886.4,4862.4,4834.6,4762.8,4751.7,4731.1,4781.3,4826.6,4850.2,4874.7,4909.5,4906.5,4936.9,4830.8,4867.9,4828.6,4758.5,4685.4,4595.9,4488.2,4392.4,4377.5,4367.4,4332.7,4332.7,4315.8,4331.2,4389.2,4445.1,4487.5,4582.4,4689.6,4729,4775.9,4886.8,4978.2,5000.7,5055.8,5140.6,5243.4,5270.7,5337.9,5462.9,5512.8,5591.4,5646.4,5744.6,5701.1,5011.4,5372.6,5647.3,5814.2,5858.2,6048.3,6165.5,6208.3,6242.9,6302.8,6340.8
Czech Rep.,Millions,2010,689186.493,691076.3985,691286.701,691728.8994,691911.0364,695051.4904,701471.3484,709319.1976,718752.7648,725632.6594,735073.7375,738554.0553,747300.3842,749052.2788,752305.3949,757828.6509,756370.6164,760164.5103,764971.4235,770069.3803,778206.3954,786387.5364,794794.0015,801328.3992,809831.5659,819816.2382,831750.9025,847270.0971,861846.686,874960.5462,888085.6726,904496.7748,921111.6076,939054.9135,950461.0051,963256.5951,979717.4564,987693.9281,1001593.606,1014602.315,1019404.534,1026739.771,1029242.746,1008987.99,975174.3601,971448.0635,976079.4117,976765.7112,983492.5732,995458.2196,1002797.212,1007252.995,1013041.946,1016245.303,1014414.545,1015454.791,1013700.08,1008299.813,1004677.729,1003388.688,999165.7392,1002832.888,1007103.718,1019300.322,1013720.735,1023179.651,1035303.024,1047271.487,1067052.123,1081530.132,1094641.176,1101178.39,1102860.81,1106423.747,1116458.178,1125139.726,1143528.047,1171911.368,1181804.971,1191563.381,1197742.893,1204824.641,1213650.772,1222933.184,1233586.318,1241665.124,1250330.712,1257076.351,1215405.483,1107529.712,1185104.091,1199674.108,1192086.32,1209193.111,1230385.777,1240623,1247909.417,1249817.161,1246996.855,1242112.017
Denmark,Millions,2010,390920.6,387968.3,395096.5,396363.8,399955,402020.3,404505,410163.2,414162.7,418877.6,420034.7,424141.8,419536.8,421584.9,425370,424531.1,424388.6,424346.5,425789.5,424384.3,426658.6,422690.6,424142.4,432044.1,434124.9,436709.6,437738.6,442470,440863.9,449544.1,450044.6,451506,457179.9,470814.9,467675.4,466407.9,467953.1,465857.2,470234,474964.5,474767.1,470386.5,467638.8,456595.6,450096.2,441371.8,442897.9,443299.8,447128,450184.2,457321.3,456292.1,457286.1,461869.6,456125.3,459852.7,459533.3,459879.1,460310.9,459566.9,462158.1,462501.4,465430.8,466366.8,467547.9,467209.2,475029.7,476733.6,479997.7,482243,483697.7,484775.5,490360.4,496993.2,501209.6,504820.8,508124.3,513804,511919.5,515784.3,518425.4,521031,524168.3,526785.7,525636.51,530920.01,533347.98,531725.84,526231.62,494773.87,521870.82,527314.83,535073.68,551897.3,555657.78,569257.08,563494.14,569271.73,568126.48,571403.94
Ecuador,Millions,2010,9497.836,9572.548,9561.933,9604.902,9143.103,8894.931,8877.515,8912.932,9134.587,9320.414,9548.491,9722.918,9699.363,9802.413,9809.483,9930.104,10063.566,10205.818,10274.208,10305.402,10440.088,10240.791,10464.381,10816.002,11091.411,11282.549,11403.289,11629.461,11771.814,11936.392,11951.919,12149.194,12278.116,12447.026,12592.998,12596.475,12548.685,12641.374,12821.498,12996.22,13203.59,13437.956,13689.235,13919.627,13721.197,13663.73,13579.505,13593.3,13729.815,13946.256,14175.891,14629.093,14790.364,15176.741,15409.103,15548.856,15798.59,16072.842,16196.959,16294.042,16458.713,16802.24,17131.619,17153.556,17096.076,17494.063,17736.022,17779.201,17816.05,17537.769,17492.225,17328.633,17204.627,17328.097,17310.908,17470.434,17497.935,17685.968,17819.405,17952.383,17762.564,17943.194,18080.826,18083.933,17970.651,18009.165,18075.353,17824.048,17647.247,15504.941,16454.336,16675.022,16929.406,17298.695,17367.296,17493.339,17503.213,17536.48,17834.006,18251.544
"Estonia, Rep. of",Millions,2010,2431.075354,2417.332843,2414.874783,2370.908432,2352.937992,2373.582945,2398.063773,2460.173221,2553.611384,2617.560132,2649.856705,2709.476402,2748.568746,2751.984157,2808.815945,2850.02406,2869.88869,2970.249805,3029.787628,3051.966325,3121.972467,3194.269644,3225.689732,3309.916346,3386.675892,3363.658872,3439.722828,3511.217575,3572.883695,3714.367268,3803.320534,3891.148246,3980.537947,4063.921615,4156.99454,4260.128097,4401.380339,4418.559276,4427.443583,4400.863879,4303.157608,4346.872538,4348.945775,3835.852557,3734.126992,3608.121249,3537.144475,3553.727516,3602.703378,3648.368819,3701.844121,3779.624483,3856.25525,3929.878042,3995.526384,3994.211781,4017.927586,4067.194209,4087.527218,4123.831904,4143.595579,4132.965194,4122.687269,4120.629499,4188.274249,4205.366773,4261.736319,4325.562509,4265.142484,4349.268647,4381.660543,4373.543866,4444.555777,4436.62672,4484.761233,4538.973987,4632.981567,4714.249884,4731.062406,4804.291716,4835.739543,4875.467963,4920.755137,4978.059254,5062.047392,5082.064001,5100.248455,5138.140264,5118.096168,4848.578417,5076.452458,5199.745609,5345.435171,5455.098451,5439.77924,5494.53964,5490.996795,5431.365498,5391.999373,5317.679562
Finland,Millions,2010,34928.98565,35633.90878,36081.52156,36401.37261,37001.76341,37198.31993,37396.66332,37715.62093,38840.46024,39139.7622,39752.66115,40175.25765,40371.81416,40420.05985,40675.58331,40561.22316,40826.57445,41230.40874,41133.91736,41602.07924,41308.13791,41902.27464,42403.49374,42481.22291,43023.5402,43393.42381,43864.266,44524.5172,44964.98247,44427.13238,45070.40824,45199.95685,46327.47648,46440.94319,46882.3019,47250.39865,48163.49299,49029.23508,49479.52818,50132.63186,50070.9846,49668.93718,49840.47741,48771.0313,45611.83209,45412.59526,45832.51144,45478.70972,45934.36345,47203.0464,47009.1702,47996.41995,48264.45156,48180.46832,48239.43528,48252.83686,48041.98533,47533.61871,47350.46378,47313.83279,46908.21163,47124.42379,47288.81651,47203.93983,46839.41685,46915.35914,47096.72719,46984.15392,46618.73749,47328.12781,47323.66062,47589.01191,48176.00113,48251.04998,48796.04758,48946.14528,49445.57751,50075.45179,50262.18048,50587.39216,50726.76859,50666.9082,50619.55595,50639.2116,50967.1036,51389.7001,51434.37204,51341.45441,51226.20082,47960.68241,50358.67185,50754.46519,50758.03895,51447.77362,51982.9434,52465.40029,52399.28583,52769.16944,52562.78511,52225.95872
France,Millions,2010,405715.4149,408917.1398,411274.0629,414263.0415,417011.3521,419622.1796,425789.1157,431575.8718,435180.8677,439652.4036,443291.0215,445936.0507,448002.6458,448765.6145,451599.526,449694.6645,452299.4051,454188.6151,456409.8908,456391.0509,456792.8727,455616.7782,460105.7048,462064.0911,466611.1799,469274.7592,471050.9295,474064.3517,475312.038,476365.528,479575.8516,482622.0263,486267.987,491281.4365,492052.6175,495065.0735,498976.4356,502326.6577,504564.4546,505577.2698,508042.3052,505027.4338,504454.7,496828.8772,488218.0643,488386.3677,488745.7755,492947.1759,494266.0674,496722.1176,499760.5631,502786.352,508175.0542,507945.6902,510294.6909,511576.0958,511224.707,510786.1715,512090.764,511273.0145,511462.9596,515106.1185,514627.7775,518480.3977,518194.4173,518652.469,521538.6493,521127.4558,523896.7318,524715.061,525810.482,526897.6907,530179.7992,528193.8777,530172.2632,533396.4994,536740.7314,541550.3232,546340.3022,549518.6462,549500.5792,552128.5075,554596.7312,557458.0814,561378.4287,565195.0114,565663.0145,563260.2958,533734.2655,463591.9608,544154.8707,540750.0611,541025.8969,546004.1786,562315.1112,565515.0003,565023.9062,567166.3441,568952.7557,569583.3618
Germany,Millions,2010,561997.5044,559627.6895,562276.3088,559976.1559,566458.6245,566458.6245,572731.7387,577471.3869,585713.9508,590453.7372,590174.9328,588432.3427,600264.4001,600055.3036,598800.679,598243.0516,595176.221,597755.1323,600682.5837,599846.1796,590941.675,591569.0011,596099.6911,597772.5547,596726.9896,599793.9216,598539.3061,598051.3776,597998.9353,601205.3479,606293.8033,609221.4483,615128.5815,625653.7654,630463.2506,640012.5775,640430.7427,645867.5725,649143.6378,653325.8337,657508.0204,655974.5728,651722.6597,641336.8918,611294.9718,612270.792,615686.2457,620216.9356,625218.5279,639298.0933,644595.3872,649822.9916,662387.2044,663014.5213,668869.6085,666778.4783,668242.2454,669496.8793,671448.5843,668311.9443,665297.5282,672546.435,676240.5826,678122.5334,684761.8589,684901.2565,688177.2757,693753.5492,690268.4151,695635.5553,698353.9287,701490.5411,707415.2994,710830.7715,712224.7938,714943.2041,723516.72,730208.1652,734808.6,741778.8958,737300.5376,743294.8381,736394.3977,742737.2199,747825.6202,747546.8157,747407.3812,749637.8722,736393.9002,668504.8068,728099.3915,733814.8968,724475.4403,740646.2003,745594.9818,745664.6898,753140.4747,752164.6084,754883.0371,751816.1512
Greece,Millions,2010,45716.64554,45918.85661,46079.19269,46442.2934,46796.33755,47233.04335,47413.85038,48171.96206,48354.85296,48800.68184,49712.4785,50417.86158,51041.97325,50907.43995,51732.96329,51870.00321,52293.80586,53464.30166,53772.81469,54187.4141,55315.57037,56295.30517,56648.45609,57859.13531,58917.12694,58906.17295,59692.25191,59464.62309,59114.9173,59255.50157,60079.65267,60380.66105,62347.99635,62539.43619,62838.02383,64435.95734,63929.951,65791.41334,65381.45819,65057.24672,65455.13529,65036.39491,64972.99539,64065.31278,61023.63228,62718.16207,62263.18138,62343.01339,58793.21529,56709.88722,54878.17776,54496.87753,52284.66025,51391.36559,50324.48057,48010.36333,48010.8418,47065.90694,46331.97277,45997.44381,45560.2386,45566.39221,45632.97106,45879.40632,45795.46899,45785.85669,46259.06441,45793.83407,46054.13946,46015.94212,45185.4266,45976.98488,45498.71437,45437.37439,45571.56723,45849.98817,45836.37524,45989.97512,46446.93043,46013.40185,46663.13282,46759.11655,46678.60819,47055.68478,47366.02769,47878.43029,47692.12069,47518.26798,46672.37023,40399.7429,42587.66413,44302.0849,45778.62549,46366.97769,47862.52747,48108.61633,49420.54832,49669.73725,49801.22632,50395.74876
Hungary,Millions,2010,5088213.076,5167281.357,5215028.258,5217155.491,5216766.979,5274027.196,5373627.376,5435047.981,5484758.347,5537406.073,5586875.144,5693111.387,5731107.16,5778251.257,5830008.716,5873576.064,6006992.464,6039969.812,6095471.272,6169728.451,6215835.064,6282515.389,6357728.168,6422149.723,6529061.942,6599249.328,6678548.452,6704185.886,6767506.366,6902793.896,6953133.199,7030849.528,7085319.602,7187101.895,7226001.873,7294800.72,7202607.529,7195998.471,7231898.369,7254418.997,7331725.908,7367459.426,7349999.907,7091016.616,6802914.092,6806057.031,6802378.363,6796632.568,6807838.437,6860783.209,6911837.688,6904633.666,6986755.163,6974556.236,6980958.844,7058798.87,6971334.026,6906941.218,6921173.299,6903605.764,6935825.252,7000162.31,7105671.182,7162783.311,7228187.47,7322095.863,7389990.506,7429486.318,7556011.422,7564951.553,7621327.6,7700222.532,7670065.816,7762815.641,7802596.304,7871045.839,7981422.436,8076811.704,8151531.439,8269477.92,8416288.401,8490765.098,8618075.938,8708447.652,8879841.532,8905508.583,9029492.68,9083170.921,9051292.905,7730670.197,8643629.745,8786524.618,8887519.434,9083974.949,9209850.211,9440279.615,9568584.383,9660922.177,9576003.568,9489082.292
India,Millions,2011,8527800,8639500,8796300,8911600,9056400,9290200,9405900,9561200,9761900,9775100,9904900,9909000,9962600,10169900,10295700,10532100,10617100,10683300,10746800,10755200,10997300,11275900,11572600,11952600,11996200,12281500,12575900,12819500,13043900,13457000,13644300,13989200,14339700,14545700,15026100,15283200,15710200,16106100,16395100,16948700,17051400,17229400,17379400,17400700,17079400,18070700,18532200,18926300,19418400,19885000,20472700,20947900,21331400,21589900,21589000,21940700,22243700,22501200,22904900,23176800,23547300,23877900,24260200,24794200,25081500,25655800,26124200,26525000,26971700,27549400,28058000,28628300,29459200,29983900,30671000,31089300,31337900,31983000,32510200,33120800,33831800,34274700,34754300,35268200,35632000,36148800,36350400,36405100,36442100,28224600,34591800,36774500,37280300,34479800,37699500,38444400,38634700,38998600,39777600,40227700
Indonesia,Millions,2010,1032347082,954325628.2,936561230.2,918661082.8,964101157.2,966459558.7,965116131.9,974808310.3,1001152350,1004193507,1015679548,1040088835,1040917187,1054961027,1051778482,1059911820,1078682715,1095762966,1109574720,1111537574,1133104992,1148660436,1160433413,1162544529,1180624918,1199003769,1213565368,1242193304,1253660359,1270159492,1283673138,1303109813,1320767974,1333929730,1356315613,1380642610,1404672487,1424039239,1443961844,1461147769,1496270279,1533251610,1563852731,1566329542,1574373152,1596643924,1627404146,1652204773,1672793576,1703216145,1728778461,1757857455,1782628340,1808852946,1833971547,1861232210,1892298304,1920191848,1944286863,1968971205,1998010015,2027331341,2052463723,2076816963,2101448963,2127662432,2154454120,2179183768,2204398304,2228895401,2258080742,2288921804,2314948903,2345448908,2372354552,2399585668,2431718827,2464138639,2494346521,2519536677,2555029849,2596808393,2626827868,2643924892,2682716634,2730762795,2765931665,2766459092,2759989662,2586588732,2677615989,2701122802,2738003706,2768154225,2780494121,2833297749,2873376036,2917824820,2944380349,2974214032
Ireland,Millions,2010,25676.00988,26193.45597,27151.64092,26482.80962,28147.89888,28364.87277,29479.09651,30146.5164,30472.52983,31311.63159,31986.32853,32174.85625,32700.81832,33325.45765,33202.99523,33843.45938,34341.95784,34822.86577,35442.38856,36032.11351,35792.82473,36116.35984,36251.97454,38348.84067,38056.55973,39173.16827,38764.06032,39941.61527,40438.91641,41483.4648,40943.24893,42499.05317,42951.88981,43268.42134,43688.34202,44039.02346,46211.45773,45740.29822,44674.97325,46386.77698,45049.00407,44126.44173,44015.54575,41917.91228,41819.37645,41673.8273,41556.51135,40565.75903,41672.37265,41661.60738,42004.26843,41909.97973,42108.57495,42777.9891,42136.66313,42232.16839,41757.35161,42961.54519,42164.70841,42207.08459,41760.55302,42782.0765,44057.4879,43492.38127,45396.0618,46726.20436,47113.27163,47202.49649,57296.29116,55638.70032,57072.38888,57721.39395,56264.53882,56798.06424,56870.8688,63069.61711,61456.85095,61912.86965,65055.01191,67779.71696,68268.67162,69490.71684,69731.35242,70781.67752,71773.2815,73054.88378,73883.41346,75047.89752,77603.39254,73252.89805,81980.84779,78031.98839,86999.41997,89163.46575,91440.1997,89120.40602,95199.78975,97274.35907,99573.14916,98715.43452
Israel,Millions,2015,158519.4,157704.1,159412.1,160078.3,160179.4,165460.7,166070.4,169297.3,171421.9,177763,183384.1,183807.2,181960.5,180316.2,178384.8,177717.9,179222.9,179288.7,179325.2,179293.2,181832.8,180880.9,182228.9,183426.6,186110.1,188578.8,191192.3,193388.2,195574.7,197434.5,199731.1,203501.1,207038.6,210347.2,209154.2,212209.5,216552.6,219738.5,224333.8,228010.5,228647.1,229117.1,229844.3,228118.5,228656,230948,232893.4,235449,239376.9,243123.4,245941.4,249868.5,254328,256373.6,261498,263334.9,261259.8,263979.4,266906,267378.8,270957.7,275581.1,278466.6,280893.8,284935.4,286491.4,288916.5,293121.1,292876,293617.1,294010.8,297241,297503,306129,309229.2,313323.8,314376.7,317808.7,322872.3,327335.5,330920.4,332429.7,335517.3,338384.3,344564.8,343808,348020,351036.9,344980.7,317022.2,345560.6,354344.4,355049.5,368812.4,376680.8,393119.2,390710.7,397324.9,398991.9,403535.8
Italy,Millions,2010,368480.8891,370670.1052,371122.3231,369304.6086,371635.8778,373056.22,376386.5642,381612.7051,386304.2185,388921.3812,391630.1728,397722.8372,399797.5642,398684.9408,397042.8641,396325.0729,397214.4566,398617.2069,399332.4581,400652.8929,399453.6265,399029.9133,398758.5073,402463.7399,403414.1782,404747.219,404542.7003,405870.2847,404787.0127,408199.6724,411108.6553,411268.1122,411911.4902,414981.9997,417037.4413,422509.1176,421333.9344,422331.3161,423033.0205,421669.8757,426628.844,422368.0053,417132.2688,405997.7562,396080.8545,393694.8338,395901.4538,397271.3719,398591.0541,401544.3463,403539.3919,405612.7078,407635.4114,407974.3631,405893.8975,401869.469,397322.5486,394654.7737,392650.2265,389755.543,385778.4341,386074.5818,386935.649,386242.035,386611.8433,386599.9899,387234.9952,385940.9014,387056.347,388530.0297,389344.7181,391235.2465,392603.1891,393370.6518,395467.2042,396945.6847,398836.2132,400609.148,402148.5891,404366.2158,403975.9933,404219.365,404532.7283,405742.437,406105.0956,407379.81,407718.7617,405038.0985,380556.2444,335896.6492,382139.4302,380634.2324,386748.3459,396546.1488,407650.5574,410922.0108,411285.7042,416946.3769,418299.4556,417579.7829
Jamaica,Millions,2007,166720,167456,167008,167221,167884,167916,168668,170494,170332,169648,169768,170453,172360,173596,172669,170288,171738,172341,174365,175119,178287,178874,178994,182835,182892,183935,181531,180151,183167,183031,184613,184208,186029,187698,190611,191991,190424,193610,192747,190470,191951,192328,188795,187902,184580,183518,183986,182937,181456,179231,182026,181759,184535,183061,182969,184235,183651,182829,182784,181855,181545,182025,183975,185211,185184,185009,181987,184787,185892,186449,184906,186126,187891,189043,188786,188791,188694,189273,190817,190853,191574,193286,194296,194362,195094,196217,195580,194132,190731,160927,174618,176209,177542,182302,183827,186317,187615,190179,193888,194488
Japan,Millions,2015,117837150,117324300,117533975,118484525,116846725,117284675,117923000,117968350,119963425,120525525,120571975,121734100,122629250,121720250,120400475,119971650,120179250,121164125,121539000,121865500,121954875,122793200,123146525,124494200,125413400,125426700,126191500,125957475,126595825,127583750,128880075,129104275,129305375,129505475,129251750,130992125,131862800,131906675,131186925,131769325,132246450,131463625,129810850,126639525,120540200,122895550,122819675,124376425,125678050,127177325,129464450,128437775,127083475,125966325,129022725,128870275,130656650,129437375,128961050,128888000,130646525,131819000,133103000,132949000,134003275,131596175,131717975,132331100,134359850,134570700,134684950,134481225,135461850,135265150,135513050,135750225,136810375,137321200,138448825,138655125,138736300,139206900,138463825,138314350,138570925,139071825,139337700,135550150,136051100,125352125,132427325,134988800,134610900,135337900,134820250,136310575,135528825,137279625,136870750,136940125
Jordan,Millions,2016,3068.136362,3029.227645,3024.007888,3103.093951,3077.390107,3146.869474,3200.87509,3206.166648,3204.108779,3259.652226,3334.491932,3375.532585,3402.92655,3447.030016,3472.724449,3559.709045,3613.643929,3640.432452,3695.299951,3743.318568,3744.521188,3791.572578,3851.143134,3924.245941,4022.238829,4085.482903,4223.417785,4286.771878,4374.316771,4468.482945,4517.799748,4611.698303,4735.168529,4808.379785,4921.113577,5104.887336,5225.093456,5282.286391,5272.561947,5390.924294,5565.384068,5678.750448,5701.676348,5739.879802,5832.06532,5926.921905,5984.019218,5948.347915,5971.530007,6047.912752,6138.122549,6161.141402,6155.449038,6219.897537,6291.361362,6336.254079,6352.767379,6351.59482,6399.805447,6438.083996,6479.507967,6542.776934,6550.654734,6569.20563,6691.078704,6738.15405,6771.938692,6824.423429,6839.407817,6899.303737,6974.464582,7008.584739,7008.275785,7041.927223,7104.936971,7146.908098,7182.784638,7207.86271,7239.351512,7276.897303,7316.280281,7363.990718,7385.00095,7402.939845,7459.527969,7495.546707,7531.872489,7556.349337,7524.476339,7160.660638,7426.239253,7521.246097,7572.506246,7415.076765,7527.1,7716.448662,7761.437883,7633.735012,7737.8588,8029.881125
"Korea, Rep. of",Millions,2015,184173900,182685900,185877700,190517300,196298800,204902900,210601600,216680100,220786300,223728300,229891100,229145200,231953500,234966300,238138800,242336200,248502400,253005600,258120900,260953400,259233300,258833700,263836100,270800000,274198000,276291500,277412100,279514700,281893100,287212600,291536100,294487800,299314800,301501600,306367700,308755400,313924100,319355900,323104600,330073800,331402000,333136800,335854800,324825700,325118000,329451100,339310500,341844700,348541700,355163300,359266200,363646800,367040100,368841500,370782800,372534000,375758900,377885600,379592800,381499300,384778000,389265100,392597800,396032700,399424500,402905900,404193000,406194100,409287800,411277500,417287500,420167600,421313100,426505800,428246600,430814800,435027100,438331200,444445600,443007600,448561500,451648700,454433900,457361200,457051400,462044600,463963600,469606800,463613400,449633300,460042100,466234500,474566100,478745500,479354600,486043700,489254300,492926000,494078100,492581200
Latvia,Millions,2010,2930.82016,2912.865766,2886.763276,2810.114004,2911.940381,2864.006811,2967.612507,3066.033605,3094.088816,3083.493937,3178.894898,3140.258751,3213.116731,3362.176103,3286.268359,3396.698555,3392.307767,3528.840453,3567.637802,3711.97614,3734.332649,3825.351536,3907.750919,3957.272108,4091.355398,4144.784641,4166.642732,4266.447552,4370.738138,4476.724392,4699.710032,4879.060527,4835.529074,5075.519325,5248.325898,5487.319312,5572.134979,5687.722761,5792.616328,5726.965375,5835.5509,5630.072644,5401.263698,5270.671952,5081.203213,4786.850491,4546.191035,4563.433527,4535.932502,4501.853572,4485.622731,4528.822196,4468.091818,4620.459748,4692.695576,4700.172725,4943.947297,4913.548996,4975.437413,4997.182227,5016.820961,5014.349781,5085.12608,5123.771812,5126.854687,5148.157722,5176.9989,5196.681202,5283.013909,5354.830613,5400.780964,5384.476928,5488.492164,5441.280953,5452.19475,5508.597948,5604.804046,5641.68963,5671.354244,5694.444439,5777.770951,5863.521588,5941.041349,5972.85474,5899.92008,5935.673766,5950.977479,5905.786083,5827.948275,5405.709382,5783.92973,5845.418192,5881.171877,6036.139077,6203.988477,6203.855159,6299.671759,6305.860165,6257.754066,6302.037504
Lithuania,Millions,2010,4395.26067,4458.270743,4499.628901,4501.035938,4425.142667,4442.525207,4387.53104,4396.018269,4491.16349,4537.002324,4605.321114,4675.66715,4788.371256,4805.494148,4902.027405,5018.281233,5023.803498,5181.150311,5271.893471,5351.44096,5585.306319,5668.279726,5828.361618,5932.29017,5989.058327,6100.554074,6140.166649,6282.05198,6418.185635,6520.456844,6696.317696,6820.433184,6878.167965,7036.025695,7157.476053,7352.742627,7610.171929,7804.037821,8013.22851,8151.282354,8111.338208,8165.543724,8063.878615,7999.955483,6971.307024,6879.327569,6907.729262,6832.582526,6885.206448,6971.776959,7002.615162,7168.413953,7305.513279,7409.27427,7473.259048,7554.324927,7594.839098,7643.27578,7800.84024,7834.964302,7882.129169,7967.064765,8025.300346,8125.793738,8215.820041,8267.641328,8298.131229,8329.993659,8361.379554,8426.186615,8481.053782,8508.405771,8529.002064,8601.888707,8702.147445,8814.46155,8907.376075,8977.97781,9069.711267,9165.878412,9252.674395,9366.813792,9401.269057,9541.405895,9677.171554,9815.007279,9836.193021,9968.058838,9928.042894,9410.634622,9974.121766,10017.56195,10196.08011,10356.96235,10542.71291,10666.72871,10725.92322,10658.54362,10728.22604,10679.72893
Luxembourg,Millions,2010,6595.253417,6826.872385,6953.131513,6995.984103,7188.029159,7343.228907,7554.409884,7523.570119,7912.963385,7809.389541,7945.464683,7992.149506,8122.521995,8021.340793,8136.738593,8349.639417,8384.555117,8531.958105,8399.363566,8369.927705,8359.224785,8569.03406,8659.807396,8985.608933,8927.900024,8938.393186,9147.349501,9048.641016,8973.737108,9046.806279,9229.299041,9707.695314,9715.917685,9743.435253,9791.550961,9934.384515,10433.02643,10663.56527,10585.23733,10669.20439,10783.64565,10664.76812,10577.01322,10187.30314,9994.959548,10118.83735,10335.3589,10383.6748,10559.71987,10674.209,10529.6617,10591.13843,10726.8193,10615.72634,10738.28118,10710.45811,10760.51648,10767.2775,10888.34662,11074.27473,11077.27837,11276.89041,11307.88336,11206.3514,11441.89747,11290.20008,11508.08203,11804.60698,11723.45644,11807.33036,11744.77176,11819.45286,12181.2215,12341.24222,12429.88315,12492.27551,12331.00233,12497.48902,12631.11494,12639.42783,12666.29872,12590.58189,12705.49576,12761.60406,12831.79144,13075.4389,13118.09218,13180.57593,13041.38052,12256.68418,13293.22946,13153.28727,13666.01435,13799.73167,13827.21007,14152.3597,14156.5279,14125.28863,14119.14644,13826.83842
Mexico,Millions,2018,2975289.3,2996685.2,3012203.2,3016225.6,3046711.6,3064790.4,3094738.9,3123131.4,3181996.6,3229869.3,3262847.4,3234599.4,3235546.2,3218170.2,3225227.1,3204645.2,3183165.2,3212088.8,3237301.6,3244889.8,3252579.6,3260198.6,3258828.8,3294691,3341106.8,3392794.6,3385360.4,3430302.6,3435970.6,3445709.3,3474714.5,3532821.3,3594875,3629937.2,3639921.3,3649007,3674760.9,3702912.7,3726216.4,3740878.2,3734094.3,3761597.7,3774069.5,3712448.1,3522638.7,3469849,3584713,3644109.7,3682563.5,3722634.4,3758078,3786969.7,3815991.5,3836122.9,3910778.9,3936254,3962225.2,3997173,4018594.1,4053230.6,4063678.4,4042193.4,4077320.7,4101443.3,4129844.6,4184167,4194465.9,4241218.5,4264581.4,4316329.8,4366813.9,4357032.5,4382435.1,4401453.2,4441496,4493921.9,4515313.9,4529797,4511165.6,4576793.1,4628852.7,4625593.1,4638334.7,4636110.9,4638305.9,4618605.7,4629352.4,4608107.9,4562583.5,3750210.7,4243936,4427783.4,4442436.1,4475952.7,4426647.4,4478956.3,4524529.1,4574490.3,4616345.8,4643054.3
Morocco,Millions,2010,130624,131102,131088,134274,127631,131795,134707,135746,133252,131463,137382,136222,141361,144580,144704,148327,147018,148549,150203,152401,153706,161383,160230,160636,162905,168629,167912,167043,166711,169900,173649,176086,180137,185695,184390,189383,183821,188482,191827,194712,198256,200538,202735,202262,201584,209689,211966,214663,210900,216356,219442,223175,224470,228889,229080,233065,229487,234547,237153,241874,240730,246260,247975,250868,247199,251796,252253,250206,256924,260845,262812,264382,259246,259624,264805,266734,271948,275705,277106,278779,280421,283481,285978,287489,287992,294213,294544,293500,285557,249427,272950,278209,291292,284904,296619,299456,292065,290602,301285,300978
"Netherlands, The",Millions,2010,126035.013,126937.0334,128020.5479,129192.0797,131345.3937,132807.1391,134636.1974,136530.3605,137380.5489,138914.8188,140061.093,141881.5083,142035.4791,142753.7085,143001.7971,143462.9997,142587.6172,143084.198,143306.3561,143520.8157,143545.7082,143050.0021,143176.9056,143943.4687,145246.4982,145939.0278,146157.0436,146475.6864,146948.5953,147982.3344,149969.6665,150915.3016,151856.9193,154130.2649,155052.1993,156330.6054,158121.6811,158930.7056,160706.7592,162881.1597,163414.6466,164219.6057,164019.0147,162936.5863,157081.2307,157085.1712,157714.6239,158664.5839,158364.9006,159060.0636,159762.829,161565.2168,162497.656,162352.3859,162353.0202,161373.4679,161037.5637,161119.5839,160428.0154,159305.4227,159819.8222,159531.0311,160493.0626,161511.7508,161358.5516,162303.2641,162709.3285,164166.6432,165143.3315,165652.2912,166224.0395,166250.7868,167775.8783,168172.0626,170052.5109,171476.3793,172376.2565,173894.5818,175126.1728,176414.1034,177306.0227,178461.0044,178672.9845,179544.144,181027.937,181566.835,181955.0037,182996.5854,180566.1577,165490.961,176042.8788,177162.7997,179338.0747,184851.8336,188399.7121,189915.6923,190912.9481,194375.4137,194036.9434,195736.359
New Zealand,Millions,2010,34247,34087,34305,35121,35460,35766,36272,36672,37590,37269,37408,37700,37378,38603,38533,39045,39514,39828,40600,41480,41596,41769,42271,42930,43998,44020,44053,44163,44243,45351,45433,45480,45893,45706,46560,46911,47281,47918,48416,48651,48390,47680,47745,47723,47324,47914,48184,48803,49357,49625,48916,48391,49200,49638,50225,50632,50715,51022,51312,51910,52186,52021,52485,52785,53372,53647,54307,55048,55421,55910,56685,57282,57891,58601,58953,59165,59910,60732,61318,62126,62746,63569,63440,64473,65080,65343,65791,66124,65594,59091,67307,67378,68950,70219,67003,68978,69068,70265,71335,70857
Norway,Millions,2010,528719.2901,534741.8564,525101.4423,527800.8271,532319.0443,532562.0148,543561.1681,552957.7502,561318.6921,553171.4264,558567.6114,558788.1803,565403.5257,564394.5951,571374.3962,576363.0456,571183.9832,583086.0907,574408.0809,580913.1419,580746.8535,577976.8177,586109.4362,586297.2645,607048.8396,608299.8792,601266.659,607182.3872,616694.4234,619934.8915,625088.106,626497.6794,630925.4288,631714.6521,638205.9275,649902.1132,650082.1871,650071.8479,658428.4818,665605.5888,658830.8478,659159.1165,657955.4648,660015.5444,650278.6313,644525.745,644942.7581,645289.1203,660256.7917,653221.8483,636973.8431,654898.517,655221.616,652505.8608,663048.3675,663391.2833,678848.342,680450.9133,670576.1446,676062.7973,676634.898,681532.2181,688228.5537,687006.8084,694027.9663,699140.6857,702070.1171,710626.6416,709074.0429,712820.2688,721144.162,714832.9605,718375.8493,718147.5259,715942.698,725532.2779,733753.641,740823.0483,745899.5806,741650.1818,745284.4,747526.2766,752235.7684,752489.0781,749154.6958,755596.8602,759890.2004,766189.3395,756106.0643,715710.0667,746229.5724,755538.2715,752959.5103,762613.71,787358.7895,790881.8615,786350.7204,795518.1175,805385.1318,804696.7154
Philippines,Millions,2010,1666223,1638525,1631593,1639284,1674337,1687757,1697474,1718711,1731607,1736654,1766552,1758378,1773210,1793248,1822020,1816133,1837183,1854083,1867985,1902073,1917554,1931920,1977069,2017930,2053880,2068493,2104078,2131625,2159895,2174875,2206510,2227697,2265143,2295528,2313958,2358981,2412419,2439954,2464731,2513609,2512761,2558025,2602461,2595465,2540572,2598236,2633733,2648070,2740678,2790660,2812296,2828412,2860588,2892596,2900043,2947920,3029928,3064614,3122582,3194097,3261742,3285300,3338108,3366608,3451111,3504365,3542331,3591293,3647703,3719382,3761795,3840618,3910060,3992481,4043830,4097049,4175547,4283035,4351436,4357912,4460962,4558262,4608996,4617350,4736799,4828481,4897154,4888581,4715767,4023575,4339591,4464040,4527762,4522773,4657481,4808300,4885788,4869085,5030041,5151947
Peru,Millions,2010,53386.77983,52229.6394,54210.5546,53337.05205,53216.94687,53206.99312,53882.66538,56029.73346,56947.67513,55705.051,55250.25623,54372.47541,54101.33586,55541.72655,56821.25545,57147.79819,57669.72619,58938.42076,59321.57659,59892.16228,60795.70905,61569.77755,61775.63977,61479.39269,63313.16721,64093.79186,64575.99356,65665.95262,66721.68589,68062.10404,68621.50758,70254.97666,72287.56848,73038.88517,73890.0305,74940.19449,77337.00391,79066.16538,80515.00069,82714.57884,84921.04199,87464.28037,88234.18081,88222.01939,87506.29682,86882.24276,88399.80935,89960.39094,92503.71609,95284.04004,96258.08094,97970.00648,99540.23654,100282.121,102433.1515,103915.6343,105643.4389,106912.7886,109072.5667,109424.1335,111011.578,114197.111,114937.6668,116068.3318,116375.4344,116182.2646,116948.3734,117666.7165,118801.857,119874.7135,120729.4568,122843.8595,124200.4508,124885.5172,126014.5396,126124.3415,127240.9035,128223.6574,129868.5825,128245.1457,131648.7996,135799.5293,133601.35,132691.3508,135220.4555,138567.1979,138033.5786,134235.02,130793.6358,98898.24379,125489.677,131685.3001,136368.9933,140153.4795,139940.1202,136535.1547,141147.094,144898.1161,142417.864,139362.1787
"Poland, Rep. of",Millions,2010,223198.8398,223230.0803,225372.3742,226067.4738,227886.2062,232659.4837,237314.4939,240828.2985,242420.3518,245093.3612,245894.4551,250466.9013,249534.4302,248743.6568,249967.7052,250040.3206,251678.5837,253469.9807,255916.9618,257169.3684,258176.3144,262574.9857,265916.782,267889.0202,274026.9281,276327.2838,276122.5474,278977.3277,280992.6144,282223.6362,287604.8004,292647.0618,297098.5442,304006.9565,308905.9395,304410.5717,318008.6201,322250.7173,327854.0047,332155.3286,336922.2836,338848.405,338840.3159,339299.4387,344215.4366,344930.4334,347385.5966,352739.5184,351082.6598,356146.306,360402.7218,364341.7124,369852.4872,374450.6882,378697.8992,381761.7858,382929.3969,382220.2577,382416.7191,382116.9598,381482.2955,384441.4896,387284.7407,389453.8122,394445.8657,398830.3114,402002.1449,405361.514,411981.4171,414260.6669,419821.5566,423236.7122,422320.5122,428520.2501,430953.2846,439405.4018,444640.2195,448963.0211,455526.4869,461733.3841,470243.8912,476826.0454,482696.829,487346.6325,494283.0309,498800.4344,502439.1078,505647.2026,509350.4953,462666.2271,493915.0261,494581.3956,506586.461,518552.011,529842.6374,539599.6005,558867.3223,550238.3619,556894.2473,545077.2754
Portugal,Millions,2010,37983.59511,38566.91644,38994.43221,39288.14223,39810.3588,40018.21072,40410.5488,40642.6416,41547.13082,41327.55929,41932.95205,42213.6519,42081.65671,42488.77407,42550.95274,43146.25745,43222.97518,43022.42671,42827.27692,42507.59648,42552.25554,42174.06747,42548.30756,42709.054,43094.67175,43341.21412,43358.28909,43230.06855,43562.51331,43723.10526,43516.75962,43574.65212,43930.82812,44354.81415,44304.81198,44620.26183,45089.78771,45289.59011,45382.88637,45890.38018,45893.90143,45667.82528,45630.13525,45040.70494,43907.17882,43946.44862,44334.15481,44355.33885,44720.39147,44967.4397,45005.13727,44917.81056,44621.00791,44429.62147,44082.69889,43430.95615,43193.9093,42611.67505,42130.41071,41464.55753,41637.11119,41952.87473,41894.43587,42353.16625,42081.327,42221.33874,42261.31693,42603.19785,42877.91873,43005.54014,43054.46653,43260.80934,43462.7454,43592.94323,44104.76466,44515.81023,45037.00848,45264.55699,45579.14113,45955.37264,46289.63737,46650.48199,46895.73475,47181.32742,47591.02968,47870.26469,48086.07852,48487.03134,46363.59593,39359.17301,45106.82688,45264.96112,44162.57802,46128.11094,47503.85181,48403.33045,49521.46404,49549.68023,49793.1083,50046.29847
Romania,Millions,2010,78479.89855,84277.94424,89700.72161,90984.97929,86548.03128,87129.41083,86978.04897,86080.58221,84932.27748,92267.46426,88076.71791,89366.77098,91192.04504,90762.64098,94065.94318,96372.57524,97022.27218,99377.72185,98348.32482,99934.21533,97907.94362,101417.1525,102056.9632,102125.6896,105894.2591,108838.861,113405.3529,115886.5284,114517.999,115068.6289,116324.3869,120453.2249,124099.5458,124773.7197,127279.0994,128000.1819,133269.0747,133532.5943,134358.1983,139088.052,144340.9222,148116.9916,149351.7499,148802.7563,136431.3104,137332.3225,141318.3895,142386.3088,134318.7215,136551.6499,131386.324,135374.5046,138600.8986,141128.4372,143754.2246,138113.6088,146081.9246,145168.5716,141763.8843,140833.2133,139514.1833,142376.3544,144439.0347,146121.4696,147411.5908,147345.2507,150486.0093,151322.6586,152877.1177,153951.2414,154102.126,155102.2052,157765.8331,156964.1607,158279.8498,160304.9624,166073.0767,170764.0672,172903.9284,174014.2563,177116.0836,179984.3909,184066.8658,183928.5947,183893.1406,187103.9211,190218.2937,191901.6149,188129.2273,169474.4232,180083.7989,188983.0582,190279.6567,190872.0815,192973.2842,193793.7746,198962.714,199461.39,201108.1661,203387.1167
Russian Federation,Millions,2010,15688148.23,15464075.83,14641232.78,14766436.59,15435139.29,15916841.27,16275249.88,16587083.57,17264593.95,17505027.23,17937687.75,17979420.52,18156518.31,18370413.07,18975788.71,18768886.27,18928720.07,19145533,19800976.54,19916391.68,20423736.8,20626834.57,21061169.58,21419568.34,21940543.41,22228696.59,22639834.68,22702981.24,23226802.29,23518226.56,24047810.46,24393584.04,25005105.79,25414315.46,26028330.49,26468015.79,27133957.57,27637479.54,28132240.74,28806450.14,29707912.23,29913416.31,29882543.56,28343449.25,27029452.53,26609450.84,27329295.12,27549790.53,28129108.03,27929413.54,28457962.49,28902136.42,29062100,29296900,29603000,29866500,30331600,30396600,30679300,30674500,30893800,31000600,31005200,31230300,31129800,31342500,31140800,31154900,30877900,30740900,30737900,30658000,30709700,30747600,30781900,30995600,31084200,31248800,31509600,31514300,31922900,32014900,32224100,32364400,32582100,32683000,33006700,32912600,32837500,30386700,32573900,32847700,33074500,33619400,33771000,34108100,34125400,32640300,32871200,33029000
"Serbia, Rep. of",Millions,2010,537369.4561,535213.1991,530312.5021,533131.3141,524952.4757,423648.5385,487306.536,498465.5095,524483.0712,530399.9221,521453.0855,476628.6414,540217.2957,539213.5571,548909.7759,565291.14,568263.7312,577284.6056,593225.988,594367.2938,600412.8006,610308.3507,608905.9288,615636.7058,643426.444,648906.0014,661305.3036,701914.4691,670985.8217,692570.0141,710955.6394,728052.7387,718346.3332,731663.8259,740179.3072,755882.713,768505.176,777854.7995,783863.9107,806302.3306,823539.7091,833705.1291,832018.5546,825270.2984,807284.4188,803781.6968,808002.6739,805489.0154,806357.4927,808403.7497,818404.8992,815139.5045,829231.7037,827163.7675,827222.9064,831074.6328,819485.0708,831654.7169,821213.1854,819479.161,838041.2196,839604.1342,857762.2805,851476.4157,839880.9499,832582.0247,823440.841,836736.5097,842056.0446,848197.0098,846495.0743,855850.9918,869210.8183,874121.7511,880376.6678,881521.2039,883916.439,890441.23,899963.9183,904351.0486,926568.2394,936228.4138,938260.6046,937955.0681,951738.031,964432.3746,985036.4039,999592.9009,1000968.711,904729.5073,971714.9779,988147.5056,1018812.064,1027560.758,1049079.771,1062486.713,1059048.245,1066214.551,1059638.893,1066961.003
Singapore,Millions,2015,42144.3,41830.6,41485.7,42225.7,42973.1,44059.2,44901.5,45276.7,46764,47666.1,49242.2,49548.7,49193.9,47929.5,46878.8,47181.2,48589.8,50000,50040.6,49966.3,50602,49921.5,52758.6,54270.4,55875.5,56744,57157,58475.2,58907.9,60391.4,61871.1,63863.9,64987.4,65714.2,66961,69557.6,70566.9,72209.6,74131,74448.5,76343.2,74425.3,73948.4,72247.5,70353.9,73327.8,76172.4,77291.7,81783.9,86693.4,84282.5,87552.2,89201,88981.2,91292.4,91872.1,93552.7,94392.9,93477.1,95918.1,96793.9,98774.9,99452.8,100377.5,101099.9,102165.9,103094.2,104651.9,104215.7,105506.8,106805.6,106781.4,107686.3,108911.5,110025.7,112010,112691.5,113034.2,115808.2,117104.4,117891.8,118573.2,119575.6,119109.3,119474.9,120290.5,120825.5,120894.1,120709.3,105994.5,115712.3,120278.3,125192.4,124334,125881.8,128319.1,130068.3,129941.9,130956.1,131044.1
Slovak Rep.,Millions,2010,10242.52605,10243.22066,10158.25009,10926.92951,10560.39132,10380.80016,10316.20513,10269.49986,10379.05126,10481.8322,10545.30909,10605.12618,10680.40124,10793.3226,10834.40925,11070.14319,11104.82782,11216.35613,11468.85314,11544.35834,11749.86698,11927.40928,11973.97843,12176.1168,12334.29392,12415.45328,12703.80331,12898.57087,13057.9254,13332.06325,13549.93041,13747.25557,14074.25542,14403.0995,14677.95552,15091.61083,15408.30825,15789.84556,16163.9299,17194.16085,16705.42078,16916.15597,17160.55236,17373.05271,15681.37539,15950.09501,16237.41084,16568.07225,16903.89114,17115.02215,17313.1955,17432.83821,17485.73815,17606.69249,17687.54506,17821.99439,17860.6854,17888.09057,17903.18365,17881.11084,17887.1735,17943.84101,18025.51098,18129.16331,18240.25816,18378.12565,18553.45414,18755.44152,19113.37211,19349.15617,19571.47902,19713.22896,19712.10688,19761.14696,19833.24442,19952.10606,20109.31736,20298.4581,20467.89983,20711.60126,20900.73691,21148.03476,21358.73372,21468.05636,21632.10064,21697.12711,21771.39144,21906.38538,21219.4529,19643.68433,21540.09759,21701.65207,21652.30402,22030.53339,22168.27516,22281.68054,22355.18482,22372.22937,22446.35252,22501.74522
"Slovenia, Rep. of",Millions,2010,6280.273792,6327.119888,6380.30908,6428.190297,6522.078193,6815.169629,6642.668727,6753.993325,6851.006091,6928.339909,7013.733005,7062.170467,7125.003168,7172.935905,7212.104117,7272.057723,7362.103087,7377.461485,7452.77051,7569.096772,7558.466802,7602.951639,7700.158126,7745.893918,7861.806689,7920.166545,7993.623988,8026.720475,8101.811458,8234.857768,8310.026787,8459.120322,8522.214215,8705.364729,8853.948971,9053.601067,9203.738359,9334.788404,9527.83541,9561.690731,9738.645803,9841.923012,9805.145495,9451.739477,8999.810077,8905.04397,8938.567029,8934.566196,8935.274586,9060.327672,9093.652738,9149.126093,9223.625663,9162.587564,9145.114338,9156.977672,9064.600394,8939.864504,8956.146592,8776.279615,8806.888975,8817.96207,8819.008044,8993.480882,9003.429922,9075.459595,9129.412261,9138.373098,9192.462713,9248.618487,9299.316005,9302.77208,9389.679874,9528.535502,9620.486047,9692.894006,9885.451617,9996.327541,10080.14714,10287.62585,10330.08762,10476.78357,10597.90255,10674.86776,10841.89172,10808.15828,10913.93065,10956.64248,10557.02509,9595.532144,10712.89565,10473.51714,10947.83874,11071.95478,11327.30298,11478.12451,11483.7693,11546.63679,11493.64694,11579.10694
South Africa,Millions,2015,662167,663103.5,661651,662288.1,668653.1,673974.9,681334,688828.6,696879.9,703291.1,710256.4,716300.4,720702.2,724303.5,726228.4,731815.4,739763,749149.5,757628.6,763932,768781.2,772535.7,776728.1,781209.3,793035.1,804117.4,817265.7,825993.5,834390.5,849364.1,860946.2,866709,881938.5,894464.2,906818.1,919357.8,934285.1,941942.1,952981.1,966485.6,970544.9,982394.1,984741.4,979135.8,963904.9,960596.7,962824.4,969246.1,980554.6,988785.5,997588.1,1006873.5,1016789.2,1022479.8,1026710.6,1033734.2,1039593.8,1048271.7,1052533.5,1057553.5,1065760.3,1073512.5,1078605.8,1084412.5,1082916.7,1087190.7,1092415.5,1100595.2,1108545.4,1099186.4,1104137.4,1108923.4,1111572.2,1112641.7,1112506.2,1113450.8,1118707.7,1124808.1,1126876.6,1131309.2,1137294.2,1134466.2,1148418.1,1151604.9,1141546.4,1146708.6,1147913.9,1147498.2,1150205.5,955936.5,1087187,1116997.6,1124160.2,1138750.3,1117395.8,1132737.6,1150092,1140468.4,1160699.9,1148001.1
Spain,Millions,2010,194690.9361,196899.04,198761.1645,200920.5529,202936.7774,205356.6446,208088.6885,210423.0549,213800.3304,216490.6182,218828.9615,221057.9434,223416.1705,225081.4447,227179.1932,228725.1641,229710.41,231596.3951,233025.0513,234768.8668,236968.0229,238216.73,239788.55,241832.612,243304.0185,245696.0482,248008.5424,249674.8108,252125.4979,254366.4102,256827.0392,259399.018,262383.587,264943.6355,267407.2471,269944.429,272428.9188,274887.5594,276997.2381,278743.042,279359.442,279682.5549,279171.5395,274629.0691,267487.7768,267475.8464,268047.5077,267953.0594,267893.4077,268311.9632,268181.7239,268321.9052,267919.2568,267088.111,265363.1851,263603.4625,261148.7986,258645.4193,257301.2696,255395.4005,254609.9876,254385.2999,254291.8457,254714.3779,255649.9141,256854.8767,258740.8618,260963.8786,263958.3896,266806.7542,269223.6387,271843.3387,273692.5388,274827.9078,277182.1582,278689.3556,280877.5756,283754.7718,285541.3376,287081.3434,288307.1841,289996.3189,291505.5047,293427.2809,295213.8467,296235.8777,297109.7738,297755.0054,281723.6343,232026.8809,269716.7587,270366.9613,271443.6729,277126.4833,283551.9563,289191.0221,289943.6267,297152.5241,298729.3151,300196.7448
Sweden,Millions,2010,648456.8156,657270.3305,660342.7971,668479.3016,675903.2043,680330.4655,685364.328,698251.5113,702924.0436,720953.4111,726557.5098,724391.0765,726624.0502,727239.9363,730019.9344,736119.2179,735149.739,746440.7251,751021.9578,752293.9637,761062.6025,756639.9836,767486.8509,772441.7934,786565.391,789646.3687,796035.7995,802401.2447,806430.8107,811102.5693,821144.7614,826571.6768,839294.0564,853428.4862,863522.518,869119.6531,877120.7555,882121.3478,888995.9049,899151.061,891895.0569,891040.0895,886917.6764,855584.0874,842911.2263,843445.0973,842872.54,846788.3682,869409.0267,887316.1454,898379.656,912158.1718,915851.9406,919084.5686,931000.7255,917464.386,919320.5551,921086.9719,919975.9011,913039.4459,925951.3884,925040.7127,929214.1917,935505.3593,943573.0021,951447.2135,957983.6522,965440.0514,978943.8944,988918.7723,1002318.162,1009889.073,1009238.369,1009581.904,1012574.676,1021665.185,1025861.876,1040506.192,1049236.918,1051789.44,1054769.06,1067115.409,1057604.766,1072619.697,1076715.029,1085471.288,1084795.825,1091117.942,1086075.569,999868.5452,1072016.964,1078783.199,1091281.972,1109945.795,1131760.231,1155376.675,1147858.378,1156974.42,1161953.347,1152602.093
Switzerland,Millions,2010,121929.1545,123311.0308,123268.3805,123058.7151,123185.5513,124015.5179,124717.5878,127655.8034,128507.4839,129120.1085,130403.5599,132082.1596,131808.7537,132420.6204,132433.439,131919.0482,131978.2859,132316.7614,132268.3423,131683.6279,131079.4531,130809.0153,132207.1831,133762.7203,134414.7786,135563.1317,135446.3494,135747.069,136896.0095,138355.3917,139888.0199,141431.0207,143064.3772,144270.0269,145270.1436,147146.1906,147877.1063,150253.3969,151519.9094,152839.2856,154167.1499,155897.6156,156714.2374,151951.6611,149210.2994,150096.9893,152131.1593,153000.9905,154436.0556,155546.8829,156285.3845,157531.665,158385.4836,159384.341,158895.3674,159017.5498,159766.2997,160267.9986,161690.1285,161612.4407,162218.3885,163393.0622,164610.2348,164952.3298,165786.7711,167175.7206,168158.4321,169255.2628,168828.9108,169809.9993,170737.2506,171562.6018,172215.9929,173372.1253,174617.3308,174919.5991,174981.312,175446.7886,176419.3918,178255.2881,180079.1954,181980.7341,181398.938,181781.6089,181974.0563,182948.31,183841.902,184878.5541,182271.5684,170120.7122,181874.2177,182678.1842,183320.4408,187911.1465,191956.9503,192422.6561,192414.5627,194090.2331,194600.556,194642.1806
Thailand,Millions,2010,1219543,1169841,1185583,1234176,1231096,1235950,1278567,1286444,1312743,1310305,1311035,1322086,1340916,1357226,1361128,1377551,1401122,1441696,1457612,1470469,1507410,1531805,1559613,1585088,1605528,1630311,1648705,1687376,1667251,1703635,1727030,1750093,1759029,1782039,1803808,1843868,1872883,1876656,1902483,1930168,1929934,1943261,1947131,1896810,1840468,1882567,1942165,1998349,2056192,2050009,2061032,2069569,2116328,2086229,2118250,1985255,2171511,2212814,2230646,2288898,2287226,2273915,2289936,2288669,2280152,2294348,2315581,2340574,2351833,2361902,2396336,2411181,2430193,2453243,2474191,2490759,2523082,2561371,2588821,2586987,2650040,2683509,2678135,2679686,2719926,2747807,2748879,2703336,2661550,2417470,2580429,2586685,2592470,2606978,2575881,2632280,2646624,2673813,2695359,2666883
Turkiye,Millions,2010,192563.3986,191029.5484,188341.6196,187854.4022,184687.5147,183646.4022,180548.9888,185942.746,188871.0679,196224.5181,199146.922,202007.9332,191654.7648,182370.9338,184653.8272,181546.2949,188404.356,196536.6707,199222.2815,203472.9584,203643.0632,204327.9698,210153.7942,216506.7709,222469.9801,227649.7506,230217.0263,233952.2623,244737.3484,245770.5303,249240.7395,257482.6426,260431.1621,268364.2132,266342.1262,272358.0304,277323.3365,277408.0186,279034.7243,288612.8676,294692.4751,284235.022,279070.8414,271982.3539,256577.2202,266858.2646,273251.5511,278586.3974,277764.5814,288321.6058,296310.1377,305268.1543,312148.4656,320725.3402,329252.924,333721.9132,330752.5433,336466.3823,342404.3204,347892.6913,358085.5493,368598.1395,374001.7003,374726.6258,385597.7287,379341.7671,388666.6873,393904.2018,401351.9444,407467.6226,413178.338,417999.579,419510.8063,425513.5294,413311.1909,436083.0324,442052.4215,452132.6261,458986.5885,467628.2095,473554.4059,476341.2681,471762.9132,455491.8673,462611.9994,473119.0618,475630.2291,481981.2129,482834.8322,431107.1032,501859.0189,509212.806,519569.9198,528466.1657,547741.9839,556324.8722,557508.3639,565393.7569,568459.3593,574988.3603
United Kingdom,Millions,2019,374037,376421,377650,380155,382789,384605,390758,396357,401242,404196,406795,409411,413054,414878,417085,418445,419534,421587,424425,427725,430832,434837,438710,442172,443853,446443,448171,450464,453784,457557,461135,465451,467840,469655,470918,473372,477823,481314,484544,487413,489783,487386,479872,469694,460105,458599,458875,460238,464543,469606,472199,472612,473819,474365,475813,476479,480632,479979,484579,484039,485409,488930,493002,496466,500552,504939,508741,512334,513850,516876,518915,521920,523813,526750,528712,532082,536566,540020,543452,547377,547688,548600,550425,551128,555141,556932,560987,560861,545597,434718,507643,514531,509261,546579,555956,564407,567372,567878,567392,568151
United States,Millions,2017,3175935.5,3205334.8,3245688,3297917.5,3328899.3,3356687,3401192.8,3456995,3469536.8,3532727,3536328,3557441.3,3545780,3567923.5,3553629,3563393.5,3593196.3,3615212,3629908.3,3634395,3653535.3,3685891.8,3747195.5,3790690,3812170,3841712.5,3878154.8,3917720,3961181.8,3980695.5,4011896.8,4034183.5,4088458.8,4099037.8,4105184.5,4140466.5,4152922.5,4178328.5,4202396.8,4228797.8,4210750.8,4235822.8,4213573.8,4121337.5,4074565.5,4067286.3,4081570.3,4125688.5,4145677.5,4185790.5,4218066.5,4240216,4230158,4258778.5,4257828.3,4305645.8,4341752.5,4361131.3,4367412.5,4372463,4415600,4427417.8,4465112.5,4504036.8,4488493.5,4546477.8,4601735.3,4625007.8,4666655.3,4695560.8,4714354.5,4723051.5,4750422.5,4765677.3,4799484.5,4826088,4849585.8,4876737.3,4915191.5,4970588,5011019.3,5037619,5069038.5,5076218.5,5103787.5,5146132,5204395.3,5237772,5166388.3,4758707.5,5127946.3,5181032,5247635.3,5327386,5370770.8,5461900.5,5434717.8,5427040,5462783.5,5497495.3
